S.No,Medicine_Name,Indication,Medicine_Type,Company,Form,Retail_MRP,Trade_Price,Category,Medical_Specialty
1,Lignocaine HCl injection,Anaesthetics,Generic,Multiple,Injection,₹15-40,₹12-32,Prescription,Anaesthesiology
2,Lignocaine +Nifedipine ointment,Anaesthetics,Generic,Multiple,Ointment,₹25-60,₹20-48,Prescription,Anaesthesiology
3,Prilocaine lignocaine injection,Anaesthetics,Generic,Multiple,Injection,₹20-50,₹16-40,Prescription,Anaesthesiology
4,Alprazolam tablet 0.25mg,Preanaesthetic medications,Generic,Multiple,Tablet,₹8-25,₹6-20,Prescription,Psychiatry
5,Alprazolam tablet 0.5mg,Preanaesthetic medications,Generic,Multiple,Tablet,₹10-30,₹8-24,Prescription,Psychiatry
6,Amitriptyline tablet 10mg,Preanaesthetic medications,Generic,Multiple,Tablet,₹15-40,₹12-32,Prescription,Psychiatry
7,Midazolam injection 5mg/ml,Preanaesthetic medications,Generic,Multiple,Injection,₹50-150,₹40-120,Prescription,Anaesthesiology
8,Paracetamol suppository 100mg,NSAIDS,Generic,Multiple,Suppository,₹20-50,₹16-40,OTC,General Medicine
9,Paracetamol injection 500mg,NSAIDS,Generic,Multiple,Injection,₹15-40,₹12-32,OTC,General Medicine
10,Paracetamol tablet 650mg,NSAIDS,Generic,Multiple,Tablet,₹3-10,₹2-8,OTC,General Medicine
11,Paracetamol tablet 1000mg,NSAIDS,Generic,Multiple,Tablet,₹5-15,₹4-12,OTC,General Medicine
12,Paracetamol drops 100mg/ml,NSAIDS,Generic,Multiple,Drops,₹25-60,₹20-48,OTC,Pediatrics
13,Diclofenac sodium spray,NSAIDS,Generic,Multiple,Spray,₹40-100,₹32-80,Prescription,Orthopedics
14,Diclofenac sodium + Serratiopeptidase tablet,NSAIDS,Generic,Multiple,Tablet,₹15-40,₹12-32,Prescription,Orthopedics
15,Diclofenac potassium tablet 75mg,NSAIDS,Generic,Multiple,Tablet,₹12-30,₹10-24,Prescription,Orthopedics
16,Diclofenac potassium tablet 100mg,NSAIDS,Generic,Multiple,Tablet,₹15-35,₹12-28,Prescription,Orthopedics
17,Diclofenac potassium gel 1%,NSAIDS,Generic,Multiple,Gel,₹30-80,₹24-64,Prescription,Orthopedics
18,Piroxicam injection 20mg/ml,NSAIDS,Generic,Multiple,Injection,₹25-60,₹20-48,Prescription,Orthopedics
19,Piroxicam gel 0.5%,NSAIDS,Generic,Multiple,Gel,₹35-90,₹28-72,Prescription,Orthopedics
20,Piroxicam tablet 20mg,NSAIDS,Generic,Multiple,Tablet,₹20-50,₹16-40,Prescription,Orthopedics
21,Mefenamic acid syrup 100mg/5ml,NSAIDS,Generic,Multiple,Syrup,₹40-100,₹32-80,Prescription,Pediatrics
22,Mefenamic acid dispersible tablet 500mg,NSAIDS,Generic,Multiple,Tablet,₹15-40,₹12-32,Prescription,General Medicine
23,Mefenamic acid spray,NSAIDS,Generic,Multiple,Spray,₹50-120,₹40-96,Prescription,General Medicine
24,Mefenamic acid capsule 250mg,NSAIDS,Generic,Multiple,Capsule,₹12-30,₹10-24,Prescription,General Medicine
25,Aceclofenac gel,NSAIDS,Generic,Multiple,Gel,₹40-100,₹32-80,Prescription,Orthopedics
26,Serratiopeptidase tablet 5mg,NSAIDS,Generic,Multiple,Tablet,₹20-60,₹16-48,Prescription,General Medicine
27,Lornoxicam tablet 8mg,NSAIDS,Generic,Multiple,Tablet,₹25-70,₹20-56,Prescription,Orthopedics
28,Lornoxicam tablet 4mg,NSAIDS,Generic,Multiple,Tablet,₹20-60,₹16-48,Prescription,Orthopedics
29,Etoricoxib tablet 60mg,NSAIDS,Generic,Multiple,Tablet,₹30-80,₹24-64,Prescription,Orthopedics
30,Etoricoxib tablet 90mg,NSAIDS,Generic,Multiple,Tablet,₹35-90,₹28-72,Prescription,Orthopedics
31,Etoricoxib tablet 120mg,NSAIDS,Generic,Multiple,Tablet,₹40-100,₹32-80,Prescription,Orthopedics
32,Tramadol tablet 50mg,Opioid analgesics,Generic,Multiple,Tablet,₹20-60,₹16-48,Prescription,Pain Management
33,Tramadol injection 100mg/ml,Opioid analgesics,Generic,Multiple,Injection,₹40-120,₹32-96,Prescription,Pain Management
34,Pentazocine injection 60mg/ml,Opioid analgesics,Generic,Multiple,Injection,₹80-200,₹64-160,Prescription,Pain Management
35,Morphine injection 2mg/ml,Opioid analgesics,Generic,Multiple,Injection,₹100-300,₹80-240,Prescription,Pain Management
36,Fentanyl injection 50mcg/ml,Opioid analgesics,Generic,Multiple,Injection,₹200-500,₹160-400,Prescription,Pain Management
37,Febuxostat tablet,Drugs for Gout,Generic,Multiple,Tablet,₹80-200,₹64-160,Prescription,Rheumatology
38,Allopurinol tablet 100mg,Drugs for Gout,Generic,Multiple,Tablet,₹15-40,₹12-32,Prescription,Rheumatology
39,Allopurinol tablet 300mg,Drugs for Gout,Generic,Multiple,Tablet,₹25-60,₹20-48,Prescription,Rheumatology
40,Colchicine tablet 0.5mg,Drugs for Gout,Generic,Multiple,Tablet,₹30-80,₹24-64,Prescription,Rheumatology
41,Methotrexate tablet 5mg,DMARDs,Generic,Multiple,Tablet,₹40-120,₹32-96,Prescription,Rheumatology
42,Methotrexate tablet 7.5mg,DMARDs,Generic,Multiple,Tablet,₹50-150,₹40-120,Prescription,Rheumatology
43,Methotrexate tablet 10mg,DMARDs,Generic,Multiple,Tablet,₹60-180,₹48-144,Prescription,Rheumatology
44,Azathioprine tablet 25mg,DMARDs,Generic,Multiple,Tablet,₹40-120,₹32-96,Prescription,Rheumatology
45,Azathioprine tablet 50mg,DMARDs,Generic,Multiple,Tablet,₹60-180,₹48-144,Prescription,Rheumatology
46,Hydroxychloroquine tablet 100mg,DMARDs,Generic,Multiple,Tablet,₹20-60,₹16-48,Prescription,Rheumatology
47,Sulfasalazine tablet 1000mg,DMARDs,Generic,Multiple,Tablet,₹50-150,₹40-120,Prescription,Rheumatology
48,Diacerein capsule 50mg,DMARDs,Generic,Multiple,Capsule,₹80-200,₹64-160,Prescription,Rheumatology
49,Adrenaline 1 in 1000,Antiallergics,Generic,Multiple,Injection,₹30-80,₹24-64,Prescription,Emergency Medicine
50,Pheniramine maleate,Antiallergics,Generic,Multiple,Tablet,₹10-30,₹8-24,OTC,Allergy
51,Ivermectin tablet 12mg,Antifilarials,Generic,Multiple,Tablet,₹50-150,₹40-120,Prescription,General Medicine
52,Paracetamol,"Pain, Fever",Generic,Multiple,Tablet,₹3-10,₹2-8,OTC,General Medicine
53,Omeprazole,"GERD, Peptic ulcer",Generic,Multiple,Capsule,₹15-40,₹12-32,OTC,Gastroenterology
54,Folic acid,"Anemia, Pregnancy",Generic,Multiple,Tablet,₹5-15,₹4-12,OTC,Gynecology
55,Atorvastatin,High cholesterol,Generic,Multiple,Tablet,₹20-80,₹16-64,Prescription,Cardiology
56,Salbutamol,"Asthma, COPD",Generic,Multiple,Inhaler,₹80-200,₹64-160,Prescription,Respiratory Medicine
57,Ferrous sulphate,Iron deficiency,Generic,Multiple,Tablet,₹10-30,₹8-24,OTC,Hematology
58,Ascorbic acid,Vitamin C deficiency,Generic,Multiple,Tablet,₹5-15,₹4-12,OTC,General Medicine
59,Calcium lactate,Calcium deficiency,Generic,Multiple,Tablet,₹15-40,₹12-32,OTC,Orthopedics
60,Domperidone,"Nausea, Vomiting",Generic,Multiple,Tablet,₹20-50,₹16-40,Prescription,Gastroenterology
61,Aspirin,Heart attack prevention,Generic,Multiple,Tablet,₹3-10,₹2-8,OTC,Cardiology
62,Losartan,Hypertension,Generic,Multiple,Tablet,₹25-70,₹20-56,Prescription,Cardiology
63,Furosemide,"Heart failure, Edema",Generic,Multiple,Tablet,₹10-30,₹8-24,Prescription,Cardiology
64,Metformin,Type 2 diabetes,Generic,Multiple,Tablet,₹10-30,₹8-24,Prescription,Endocrinology
65,Clopidogrel,Blood clot prevention,Generic,Multiple,Tablet,₹30-100,₹24-80,Prescription,Cardiology
66,Enalapril,Hypertension,Generic,Multiple,Tablet,₹15-40,₹12-32,Prescription,Cardiology
67,Benzhexol,Parkinson's disease,Generic,Multiple,Tablet,₹20-60,₹16-48,Prescription,Neurology
68,Olanzapine,Schizophrenia,Generic,Multiple,Tablet,₹80-200,₹64-160,Prescription,Psychiatry
69,Risperidone,Schizophrenia,Generic,Multiple,Tablet,₹60-180,₹48-144,Prescription,Psychiatry
70,Lorazepam,Anxiety,Generic,Multiple,Tablet,₹15-50,₹12-40,Prescription,Psychiatry
71,Clonazepam,"Epilepsy, Anxiety",Generic,Multiple,Tablet,₹20-60,₹16-48,Prescription,Neurology
72,Venlafaxine,Depression,Generic,Multiple,Tablet,₹40-120,₹32-96,Prescription,Psychiatry
73,Fluoxetine,Depression,Generic,Multiple,Tablet,₹30-80,₹24-64,Prescription,Psychiatry
74,Lithium carbonate,Bipolar disorder,Generic,Multiple,Tablet,₹40-120,₹32-96,Prescription,Psychiatry
75,Lactulose,Constipation,Generic,Multiple,Syrup,₹60-150,₹48-120,OTC,Gastroenterology
76,Promethazine,"Allergy, Sedation",Generic,Multiple,Injection,₹20-50,₹16-40,Prescription,Allergy
77,Augmentin 1000 Duo,Bacterial infections,Branded,GlaxoSmithKline,Tablet,₹553,₹442,Prescription,General Medicine
78,Glycomet-GP 1,Type 2 diabetes,Branded,USV Ltd,Tablet,₹107,₹86,Prescription,Endocrinology
79,Human Mixtard 70/30,Diabetes mellitus,Branded,Novo Nordisk,Injection,₹463,₹370,Prescription,Endocrinology
80,Lantus Solution,Diabetes mellitus,Branded,Sanofi India,Injection,₹544,₹435,Prescription,Endocrinology
81,Himalaya Liv. 52 DS,Liver disorders,Branded,Himalaya,Tablet,₹180,₹144,OTC,Hepatology
82,Crocin Advance,"Pain, Fever",Branded,GSK,Tablet,₹25,₹20,OTC,General Medicine
83,Dolo 650,"Pain, Fever",Branded,Micro Labs,Tablet,₹30,₹24,OTC,General Medicine
84,Vicks VapoRub,"Cold, Cough",Branded,P&G,Balm,₹80,₹64,OTC,Respiratory Medicine
85,Combiflam,"Pain, Fever",Branded,Sanofi,Tablet,₹20,₹16,OTC,General Medicine
86,Cetirizine,Allergies,Generic,Multiple,Tablet,₹8-20,₹6-16,OTC,Allergy
87,Pantoprazole,Acidity,Generic,Multiple,Tablet,₹15-40,₹12-32,OTC,Gastroenterology
88,Amlodipine,Hypertension,Generic,Multiple,Tablet,₹10-25,₹8-20,Prescription,Cardiology
89,Telmisartan,Hypertension,Generic,Multiple,Tablet,₹25-70,₹20-56,Prescription,Cardiology
90,Glimepiride,Diabetes,Generic,Multiple,Tablet,₹15-40,₹12-32,Prescription,Endocrinology
91,Levothyroxine,Hypothyroidism,Generic,Multiple,Tablet,₹20-60,₹16-48,Prescription,Endocrinology
92,Montelukast,Asthma,Generic,Multiple,Tablet,₹40-120,₹32-96,Prescription,Respiratory Medicine
93,Ranitidine,Acidity,Generic,Multiple,Tablet,₹8-25,₹6-20,OTC,Gastroenterology
94,Ibuprofen,"Pain, Inflammation",Generic,Multiple,Tablet,₹8-25,₹6-20,OTC,General Medicine
95,Azithromycin,Bacterial infections,Generic,Multiple,Tablet,₹80-200,₹64-160,Prescription,General Medicine
96,Amoxicillin 250mg,Bacterial infections,Generic,Multiple,Capsule,₹15-40,₹12-32,Prescription,General Medicine
97,Amoxicillin 500mg,Bacterial infections,Generic,Multiple,Capsule,₹25-60,₹20-48,Prescription,General Medicine
98,Amoxicillin + Clavulanic acid 228.5mg,Bacterial infections,Generic,Multiple,Tablet,₹80-200,₹64-160,Prescription,General Medicine
99,Amoxicillin + Clavulanic acid 457mg,Bacterial infections,Generic,Multiple,Tablet,₹120-300,₹96-240,Prescription,General Medicine
100,Amoxicillin + Clavulanic acid 625mg,Bacterial infections,Generic,Multiple,Tablet,₹150-350,₹120-280,Prescription,General Medicine
101,Amoxicillin + Clavulanic acid dry syrup,Bacterial infections,Generic,Multiple,Syrup,₹80-200,₹64-160,Prescription,Pediatrics
102,Ampicillin 250mg,Bacterial infections,Generic,Multiple,Capsule,₹20-50,₹16-40,Prescription,General Medicine
103,Ampicillin 500mg,Bacterial infections,Generic,Multiple,Capsule,₹30-80,₹24-64,Prescription,General Medicine
104,Ampicillin + Cloxacillin,Bacterial infections,Generic,Multiple,Tablet,₹40-100,₹32-80,Prescription,General Medicine
105,Azithromycin 250mg,Bacterial infections,Generic,Multiple,Tablet,₹60-150,₹48-120,Prescription,General Medicine
106,Azithromycin 500mg,Bacterial infections,Generic,Multiple,Tablet,₹100-250,₹80-200,Prescription,General Medicine
107,Azithromycin dry syrup,Bacterial infections,Generic,Multiple,Syrup,₹80-200,₹64-160,Prescription,Pediatrics
108,Ciprofloxacin 250mg,Bacterial infections,Generic,Multiple,Tablet,₹15-40,₹12-32,Prescription,General Medicine
109,Ciprofloxacin 500mg,Bacterial infections,Generic,Multiple,Tablet,₹25-60,₹20-48,Prescription,General Medicine
110,Ciprofloxacin eye drops,Eye infections,Generic,Multiple,Drops,₹40-100,₹32-80,Prescription,Ophthalmology
111,Ciprofloxacin + Tinidazole,Bacterial infections,Generic,Multiple,Tablet,₹40-100,₹32-80,Prescription,General Medicine
112,Levofloxacin 250mg,Bacterial infections,Generic,Multiple,Tablet,₹50-150,₹40-120,Prescription,General Medicine
113,Levofloxacin 500mg,Bacterial infections,Generic,Multiple,Tablet,₹80-200,₹64-160,Prescription,General Medicine
114,Ofloxacin 200mg,Bacterial infections,Generic,Multiple,Tablet,₹30-80,₹24-64,Prescription,General Medicine
115,Ofloxacin eye drops,Eye infections,Generic,Multiple,Drops,₹35-90,₹28-72,Prescription,Ophthalmology
116,Ofloxacin + Ornidazole,Bacterial infections,Generic,Multiple,Tablet,₹40-100,₹32-80,Prescription,General Medicine
117,Norfloxacin 400mg,UTI,Generic,Multiple,Tablet,₹25-60,₹20-48,Prescription,Urology
118,Gatifloxacin eye drops,Eye infections,Generic,Multiple,Drops,₹50-120,₹40-96,Prescription,Ophthalmology
119,Moxifloxacin eye drops,Eye infections,Generic,Multiple,Drops,₹80-200,₹64-160,Prescription,Ophthalmology
120,Doxycycline 100mg,Bacterial infections,Generic,Multiple,Capsule,₹25-60,₹20-48,Prescription,General Medicine
121,Tetracycline 250mg,Bacterial infections,Generic,Multiple,Capsule,₹20-50,₹16-40,Prescription,General Medicine
122,Minocycline 50mg,"Acne, Bacterial infections",Generic,Multiple,Tablet,₹40-120,₹32-96,Prescription,Dermatology
123,Cephalexin 250mg,Bacterial infections,Generic,Multiple,Capsule,₹30-80,₹24-64,Prescription,General Medicine
124,Cephalexin 500mg,Bacterial infections,Generic,Multiple,Capsule,₹50-120,₹40-96,Prescription,General Medicine
125,Cefuroxime 250mg,Bacterial infections,Generic,Multiple,Tablet,₹60-150,₹48-120,Prescription,General Medicine
126,Cefuroxime 500mg,Bacterial infections,Generic,Multiple,Tablet,₹100-250,₹80-200,Prescription,General Medicine
127,Cefixime 100mg,Bacterial infections,Generic,Multiple,Tablet,₹40-100,₹32-80,Prescription,General Medicine
128,Cefixime 200mg,Bacterial infections,Generic,Multiple,Tablet,₹60-150,₹48-120,Prescription,General Medicine
129,Cefixime dry syrup,Bacterial infections,Generic,Multiple,Syrup,₹80-200,₹64-160,Prescription,Pediatrics
130,Cefpodoxime 100mg,Bacterial infections,Generic,Multiple,Tablet,₹50-120,₹40-96,Prescription,General Medicine
131,Cefpodoxime 200mg,Bacterial infections,Generic,Multiple,Tablet,₹80-200,₹64-160,Prescription,General Medicine
132,Clindamycin 150mg,Bacterial infections,Generic,Multiple,Capsule,₹40-100,₹32-80,Prescription,General Medicine
133,Clindamycin 300mg,Bacterial infections,Generic,Multiple,Capsule,₹60-150,₹48-120,Prescription,General Medicine
134,Clindamycin gel,Acne,Generic,Multiple,Gel,₹50-150,₹40-120,Prescription,Dermatology
135,Erythromycin 250mg,Bacterial infections,Generic,Multiple,Tablet,₹30-80,₹24-64,Prescription,General Medicine
136,Erythromycin 500mg,Bacterial infections,Generic,Multiple,Tablet,₹50-120,₹40-96,Prescription,General Medicine
137,Clarithromycin 250mg,Bacterial infections,Generic,Multiple,Tablet,₹80-200,₹64-160,Prescription,General Medicine
138,Clarithromycin 500mg,Bacterial infections,Generic,Multiple,Tablet,₹150-350,₹120-280,Prescription,General Medicine
139,Roxithromycin 150mg,Bacterial infections,Generic,Multiple,Tablet,₹60-150,₹48-120,Prescription,General Medicine
140,Lincomycin 500mg,Bacterial infections,Generic,Multiple,Capsule,₹60-150,₹48-120,Prescription,General Medicine
141,Nitrofurantoin 50mg,UTI,Generic,Multiple,Tablet,₹20-50,₹16-40,Prescription,Urology
142,Nitrofurantoin 100mg,UTI,Generic,Multiple,Tablet,₹30-80,₹24-64,Prescription,Urology
143,Co-trimoxazole 480mg,Bacterial infections,Generic,Multiple,Tablet,₹15-40,₹12-32,Prescription,General Medicine
144,Co-trimoxazole 960mg,Bacterial infections,Generic,Multiple,Tablet,₹25-60,₹20-48,Prescription,General Medicine
145,Co-trimoxazole syrup,Bacterial infections,Generic,Multiple,Syrup,₹40-100,₹32-80,Prescription,Pediatrics
146,Metronidazole 200mg,Anaerobic infections,Generic,Multiple,Tablet,₹10-30,₹8-24,Prescription,General Medicine
147,Metronidazole 400mg,Anaerobic infections,Generic,Multiple,Tablet,₹15-40,₹12-32,Prescription,General Medicine
148,Metronidazole gel,Bacterial vaginosis,Generic,Multiple,Gel,₹40-100,₹32-80,Prescription,Gynecology
149,Metronidazole + Norfloxacin,Mixed infections,Generic,Multiple,Tablet,₹40-100,₹32-80,Prescription,General Medicine
150,Tinidazole 300mg,Anaerobic infections,Generic,Multiple,Tablet,₹20-50,₹16-40,Prescription,General Medicine
151,Tinidazole 500mg,Anaerobic infections,Generic,Multiple,Tablet,₹30-80,₹24-64,Prescription,General Medicine
152,Ornidazole 500mg,Anaerobic infections,Generic,Multiple,Tablet,₹25-60,₹20-48,Prescription,General Medicine
153,Secnidazole 1g,Anaerobic infections,Generic,Multiple,Tablet,₹80-200,₹64-160,Prescription,General Medicine
154,Fluconazole 50mg,Fungal infections,Generic,Multiple,Tablet,₹30-80,₹24-64,Prescription,General Medicine
155,Fluconazole 150mg,Fungal infections,Generic,Multiple,Tablet,₹50-150,₹40-120,Prescription,General Medicine
156,Itraconazole 100mg,Fungal infections,Generic,Multiple,Capsule,₹80-200,₹64-160,Prescription,Dermatology
157,Ketoconazole 200mg,Fungal infections,Generic,Multiple,Tablet,₹40-100,₹32-80,Prescription,Dermatology
158,Ketoconazole shampoo,Dandruff,Generic,Multiple,Shampoo,₹150-350,₹120-280,OTC,Dermatology
159,Griseofulvin 250mg,Fungal infections,Generic,Multiple,Tablet,₹50-150,₹40-120,Prescription,Dermatology
160,Terbinafine 250mg,Fungal infections,Generic,Multiple,Tablet,₹80-200,₹64-160,Prescription,Dermatology
161,Terbinafine cream,Fungal infections,Generic,Multiple,Cream,₹60-150,₹48-120,OTC,Dermatology
162,Clotrimazole cream,Fungal infections,Generic,Multiple,Cream,₹30-80,₹24-64,OTC,Dermatology
163,Miconazole gel,Oral thrush,Generic,Multiple,Gel,₹50-120,₹40-96,Prescription,General Medicine
164,Nystatin drops,Oral thrush,Generic,Multiple,Drops,₹40-100,₹32-80,Prescription,Pediatrics
165,Acyclovir 200mg,Viral infections,Generic,Multiple,Tablet,₹25-60,₹20-48,Prescription,General Medicine
166,Acyclovir 400mg,Viral infections,Generic,Multiple,Tablet,₹40-100,₹32-80,Prescription,General Medicine
167,Acyclovir cream,Viral skin infections,Generic,Multiple,Cream,₹50-150,₹40-120,OTC,Dermatology
168,Valacyclovir 500mg,Viral infections,Generic,Multiple,Tablet,₹150-400,₹120-320,Prescription,General Medicine
169,Oseltamivir 30mg,Influenza,Generic,Multiple,Capsule,₹80-200,₹64-160,Prescription,General Medicine
170,Oseltamivir 45mg,Influenza,Generic,Multiple,Capsule,₹100-250,₹80-200,Prescription,General Medicine
171,Oseltamivir 75mg,Influenza,Generic,Multiple,Capsule,₹150-350,₹120-280,Prescription,General Medicine
172,Ribavirin 200mg,Viral hepatitis,Generic,Multiple,Capsule,₹200-500,₹160-400,Prescription,Hepatology
173,Amlodipine 2.5mg,Hypertension,Generic,Multiple,Tablet,₹8-20,₹6-16,Prescription,Cardiology
174,Amlodipine 5mg,Hypertension,Generic,Multiple,Tablet,₹10-25,₹8-20,Prescription,Cardiology
175,Amlodipine 10mg,Hypertension,Generic,Multiple,Tablet,₹15-35,₹12-28,Prescription,Cardiology
176,Nifedipine 10mg,Hypertension,Generic,Multiple,Tablet,₹12-30,₹10-24,Prescription,Cardiology
177,Nifedipine 20mg,Hypertension,Generic,Multiple,Tablet,₹20-50,₹16-40,Prescription,Cardiology
178,Diltiazem 30mg,Hypertension,Generic,Multiple,Tablet,₹15-40,₹12-32,Prescription,Cardiology
179,Diltiazem 60mg,Hypertension,Generic,Multiple,Tablet,₹25-60,₹20-48,Prescription,Cardiology
180,Verapamil 40mg,Hypertension,Generic,Multiple,Tablet,₹12-30,₹10-24,Prescription,Cardiology
181,Verapamil 80mg,Hypertension,Generic,Multiple,Tablet,₹20-50,₹16-40,Prescription,Cardiology
182,Telmisartan 20mg,Hypertension,Generic,Multiple,Tablet,₹20-50,₹16-40,Prescription,Cardiology
183,Telmisartan 40mg,Hypertension,Generic,Multiple,Tablet,₹25-60,₹20-48,Prescription,Cardiology
184,Telmisartan 80mg,Hypertension,Generic,Multiple,Tablet,₹35-80,₹28-64,Prescription,Cardiology
185,Losartan 25mg,Hypertension,Generic,Multiple,Tablet,₹15-40,₹12-32,Prescription,Cardiology
186,Losartan 50mg,Hypertension,Generic,Multiple,Tablet,₹25-60,₹20-48,Prescription,Cardiology
187,Valsartan 40mg,Hypertension,Generic,Multiple,Tablet,₹30-80,₹24-64,Prescription,Cardiology
188,Valsartan 80mg,Hypertension,Generic,Multiple,Tablet,₹40-100,₹32-80,Prescription,Cardiology
189,Olmesartan 10mg,Hypertension,Generic,Multiple,Tablet,₹25-60,₹20-48,Prescription,Cardiology
190,Olmesartan 20mg,Hypertension,Generic,Multiple,Tablet,₹35-80,₹28-64,Prescription,Cardiology
191,Irbesartan 150mg,Hypertension,Generic,Multiple,Tablet,₹40-100,₹32-80,Prescription,Cardiology
192,Irbesartan 300mg,Hypertension,Generic,Multiple,Tablet,₹60-150,₹48-120,Prescription,Cardiology
193,Enalapril 2.5mg,Hypertension,Generic,Multiple,Tablet,₹10-25,₹8-20,Prescription,Cardiology
194,Enalapril 5mg,Hypertension,Generic,Multiple,Tablet,₹15-35,₹12-28,Prescription,Cardiology
195,Enalapril 10mg,Hypertension,Generic,Multiple,Tablet,₹20-50,₹16-40,Prescription,Cardiology
196,Lisinopril 5mg,Hypertension,Generic,Multiple,Tablet,₹20-50,₹16-40,Prescription,Cardiology
197,Lisinopril 10mg,Hypertension,Generic,Multiple,Tablet,₹30-80,₹24-64,Prescription,Cardiology
198,Ramipril 2.5mg,Hypertension,Generic,Multiple,Tablet,₹15-40,₹12-32,Prescription,Cardiology
199,Ramipril 5mg,Hypertension,Generic,Multiple,Tablet,₹25-60,₹20-48,Prescription,Cardiology
200,Captopril 12.5mg,Hypertension,Generic,Multiple,Tablet,₹12-30,₹10-24,Prescription,Cardiology
201,Captopril 25mg,Hypertension,Generic,Multiple,Tablet,₹20-50,₹16-40,Prescription,Cardiology
202,Metoprolol 25mg,Hypertension,Generic,Multiple,Tablet,₹12-30,₹10-24,Prescription,Cardiology
203,Metoprolol 50mg,Hypertension,Generic,Multiple,Tablet,₹20-50,₹16-40,Prescription,Cardiology
204,Metoprolol 100mg,Hypertension,Generic,Multiple,Tablet,₹30-80,₹24-64,Prescription,Cardiology
205,Atenolol 25mg,Hypertension,Generic,Multiple,Tablet,₹10-25,₹8-20,Prescription,Cardiology
206,Atenolol 50mg,Hypertension,Generic,Multiple,Tablet,₹15-40,₹12-32,Prescription,Cardiology
207,Atenolol 100mg,Hypertension,Generic,Multiple,Tablet,₹25-60,₹20-48,Prescription,Cardiology
208,Propranolol 10mg,Hypertension,Generic,Multiple,Tablet,₹8-20,₹6-16,Prescription,Cardiology
209,Propranolol 40mg,Hypertension,Generic,Multiple,Tablet,₹15-40,₹12-32,Prescription,Cardiology
210,Propranolol 80mg,Hypertension,Generic,Multiple,Tablet,₹25-60,₹20-48,Prescription,Cardiology
211,Carvedilol 3.125mg,Heart failure,Generic,Multiple,Tablet,₹20-50,₹16-40,Prescription,Cardiology
212,Carvedilol 6.25mg,Heart failure,Generic,Multiple,Tablet,₹30-80,₹24-64,Prescription,Cardiology
213,Carvedilol 12.5mg,Heart failure,Generic,Multiple,Tablet,₹40-100,₹32-80,Prescription,Cardiology
214,Bisoprolol 2.5mg,Heart failure,Generic,Multiple,Tablet,₹25-60,₹20-48,Prescription,Cardiology
215,Bisoprolol 5mg,Heart failure,Generic,Multiple,Tablet,₹35-80,₹28-64,Prescription,Cardiology
216,Nebivolol 2.5mg,Hypertension,Generic,Multiple,Tablet,₹30-80,₹24-64,Prescription,Cardiology
217,Nebivolol 5mg,Hypertension,Generic,Multiple,Tablet,₹50-120,₹40-96,Prescription,Cardiology
218,Hydrochlorothiazide 12.5mg,Hypertension,Generic,Multiple,Tablet,₹8-20,₹6-16,Prescription,Cardiology
219,Hydrochlorothiazide 25mg,Hypertension,Generic,Multiple,Tablet,₹10-25,₹8-20,Prescription,Cardiology
220,Indapamide 1.5mg,Hypertension,Generic,Multiple,Tablet,₹15-40,₹12-32,Prescription,Cardiology
221,Indapamide 2.5mg,Hypertension,Generic,Multiple,Tablet,₹20-50,₹16-40,Prescription,Cardiology
222,Chlorthalidone 12.5mg,Hypertension,Generic,Multiple,Tablet,₹12-30,₹10-24,Prescription,Cardiology
223,Furosemide 20mg,Heart failure,Generic,Multiple,Tablet,₹8-20,₹6-16,Prescription,Cardiology
224,Furosemide 40mg,Heart failure,Generic,Multiple,Tablet,₹12-30,₹10-24,Prescription,Cardiology
225,Spironolactone 25mg,Heart failure,Generic,Multiple,Tablet,₹15-40,₹12-32,Prescription,Cardiology
226,Spironolactone 50mg,Heart failure,Generic,Multiple,Tablet,₹25-60,₹20-48,Prescription,Cardiology
227,Atorvastatin 10mg,High cholesterol,Generic,Multiple,Tablet,₹15-40,₹12-32,Prescription,Cardiology
228,Atorvastatin 20mg,High cholesterol,Generic,Multiple,Tablet,₹25-60,₹20-48,Prescription,Cardiology
229,Atorvastatin 40mg,High cholesterol,Generic,Multiple,Tablet,₹40-100,₹32-80,Prescription,Cardiology
230,Atorvastatin 80mg,High cholesterol,Generic,Multiple,Tablet,₹60-150,₹48-120,Prescription,Cardiology
231,Rosuvastatin 5mg,High cholesterol,Generic,Multiple,Tablet,₹30-80,₹24-64,Prescription,Cardiology
232,Rosuvastatin 10mg,High cholesterol,Generic,Multiple,Tablet,₹50-120,₹40-96,Prescription,Cardiology
233,Rosuvastatin 20mg,High cholesterol,Generic,Multiple,Tablet,₹80-200,₹64-160,Prescription,Cardiology
234,Rosuvastatin 40mg,High cholesterol,Generic,Multiple,Tablet,₹120-300,₹96-240,Prescription,Cardiology
235,Simvastatin 10mg,High cholesterol,Generic,Multiple,Tablet,₹20-50,₹16-40,Prescription,Cardiology
236,Simvastatin 20mg,High cholesterol,Generic,Multiple,Tablet,₹30-80,₹24-64,Prescription,Cardiology
237,Simvastatin 40mg,High cholesterol,Generic,Multiple,Tablet,₹50-120,₹40-96,Prescription,Cardiology
238,Pravastatin 10mg,High cholesterol,Generic,Multiple,Tablet,₹40-100,₹32-80,Prescription,Cardiology
239,Pravastatin 20mg,High cholesterol,Generic,Multiple,Tablet,₹60-150,₹48-120,Prescription,Cardiology
240,Lovastatin 20mg,High cholesterol,Generic,Multiple,Tablet,₹30-80,₹24-64,Prescription,Cardiology
241,Fenofibrate 160mg,High triglycerides,Generic,Multiple,Tablet,₹80-200,₹64-160,Prescription,Cardiology
242,Gemfibrozil 300mg,High triglycerides,Generic,Multiple,Tablet,₹50-120,₹40-96,Prescription,Cardiology
243,Clopidogrel 75mg,Antiplatelet,Generic,Multiple,Tablet,₹30-100,₹24-80,Prescription,Cardiology
244,Aspirin 75mg,Cardioprotective,Generic,Multiple,Tablet,₹3-10,₹2-8,OTC,Cardiology
245,Aspirin 150mg,Antiplatelet,Generic,Multiple,Tablet,₹5-15,₹4-12,OTC,Cardiology
246,Warfarin 1mg,Anticoagulant,Generic,Multiple,Tablet,₹15-40,₹12-32,Prescription,Cardiology
247,Warfarin 2mg,Anticoagulant,Generic,Multiple,Tablet,₹20-50,₹16-40,Prescription,Cardiology
248,Warfarin 5mg,Anticoagulant,Generic,Multiple,Tablet,₹30-80,₹24-64,Prescription,Cardiology
249,Rivaroxaban 10mg,Anticoagulant,Generic,Multiple,Tablet,₹200-500,₹160-400,Prescription,Cardiology
250,Rivaroxaban 20mg,Anticoagulant,Generic,Multiple,Tablet,₹300-800,₹240-640,Prescription,Cardiology
251,Apixaban 2.5mg,Anticoagulant,Generic,Multiple,Tablet,₹250-600,₹200-480,Prescription,Cardiology
252,Apixaban 5mg,Anticoagulant,Generic,Multiple,Tablet,₹350-900,₹280-720,Prescription,Cardiology
253,Dabigatran 75mg,Anticoagulant,Generic,Multiple,Capsule,₹200-500,₹160-400,Prescription,Cardiology
254,Dabigatran 110mg,Anticoagulant,Generic,Multiple,Capsule,₹250-600,₹200-480,Prescription,Cardiology
255,Dabigatran 150mg,Anticoagulant,Generic,Multiple,Capsule,₹300-800,₹240-640,Prescription,Cardiology
256,Digoxin 0.25mg,Heart failure,Generic,Multiple,Tablet,₹8-20,₹6-16,Prescription,Cardiology
257,Isosorbide mononitrate 20mg,Angina,Generic,Multiple,Tablet,₹15-40,₹12-32,Prescription,Cardiology
258,Isosorbide dinitrate 5mg,Angina,Generic,Multiple,Tablet,₹8-20,₹6-16,Prescription,Cardiology
259,Nitroglycerin sublingual,Acute angina,Generic,Multiple,Tablet,₹50-150,₹40-120,Prescription,Cardiology
260,Metformin 250mg,Type 2 diabetes,Generic,Multiple,Tablet,₹8-20,₹6-16,Prescription,Endocrinology
261,Metformin 500mg,Type 2 diabetes,Generic,Multiple,Tablet,₹10-25,₹8-20,Prescription,Endocrinology
262,Metformin 850mg,Type 2 diabetes,Generic,Multiple,Tablet,₹15-35,₹12-28,Prescription,Endocrinology
263,Metformin 1000mg,Type 2 diabetes,Generic,Multiple,Tablet,₹20-50,₹16-40,Prescription,Endocrinology
264,Metformin SR 500mg,Type 2 diabetes,Generic,Multiple,Tablet,₹15-35,₹12-28,Prescription,Endocrinology
265,Metformin SR 1000mg,Type 2 diabetes,Generic,Multiple,Tablet,₹25-60,₹20-48,Prescription,Endocrinology
266,Glimepiride 1mg,Type 2 diabetes,Generic,Multiple,Tablet,₹10-25,₹8-20,Prescription,Endocrinology
267,Glimepiride 2mg,Type 2 diabetes,Generic,Multiple,Tablet,₹15-35,₹12-28,Prescription,Endocrinology
268,Glimepiride 3mg,Type 2 diabetes,Generic,Multiple,Tablet,₹20-50,₹16-40,Prescription,Endocrinology
269,Glimepiride 4mg,Type 2 diabetes,Generic,Multiple,Tablet,₹25-60,₹20-48,Prescription,Endocrinology
270,Gliclazide 40mg,Type 2 diabetes,Generic,Multiple,Tablet,₹12-30,₹10-24,Prescription,Endocrinology
271,Gliclazide 80mg,Type 2 diabetes,Generic,Multiple,Tablet,₹20-50,₹16-40,Prescription,Endocrinology
272,Gliclazide SR 30mg,Type 2 diabetes,Generic,Multiple,Tablet,₹15-35,₹12-28,Prescription,Endocrinology
273,Gliclazide SR 60mg,Type 2 diabetes,Generic,Multiple,Tablet,₹25-60,₹20-48,Prescription,Endocrinology
274,Glipizide 5mg,Type 2 diabetes,Generic,Multiple,Tablet,₹12-30,₹10-24,Prescription,Endocrinology
275,Glipizide 10mg,Type 2 diabetes,Generic,Multiple,Tablet,₹20-50,₹16-40,Prescription,Endocrinology
276,Glibenclamide 2.5mg,Type 2 diabetes,Generic,Multiple,Tablet,₹8-20,₹6-16,Prescription,Endocrinology
277,Glibenclamide 5mg,Type 2 diabetes,Generic,Multiple,Tablet,₹10-25,₹8-20,Prescription,Endocrinology
278,Gliquidone 30mg,Type 2 diabetes,Generic,Multiple,Tablet,₹25-60,₹20-48,Prescription,Endocrinology
279,Pioglitazone 15mg,Type 2 diabetes,Generic,Multiple,Tablet,₹30-80,₹24-64,Prescription,Endocrinology
280,Pioglitazone 30mg,Type 2 diabetes,Generic,Multiple,Tablet,₹50-120,₹40-96,Prescription,Endocrinology
281,Pioglitazone 45mg,Type 2 diabetes,Generic,Multiple,Tablet,₹70-180,₹56-144,Prescription,Endocrinology
282,Rosiglitazone 2mg,Type 2 diabetes,Generic,Multiple,Tablet,₹40-100,₹32-80,Prescription,Endocrinology
283,Rosiglitazone 4mg,Type 2 diabetes,Generic,Multiple,Tablet,₹60-150,₹48-120,Prescription,Endocrinology
284,Sitagliptin 25mg,Type 2 diabetes,Generic,Multiple,Tablet,₹50-150,₹40-120,Prescription,Endocrinology
285,Sitagliptin 50mg,Type 2 diabetes,Generic,Multiple,Tablet,₹80-200,₹64-160,Prescription,Endocrinology
286,Sitagliptin 100mg,Type 2 diabetes,Generic,Multiple,Tablet,₹120-300,₹96-240,Prescription,Endocrinology
287,Vildagliptin 50mg,Type 2 diabetes,Generic,Multiple,Tablet,₹60-150,₹48-120,Prescription,Endocrinology
288,Saxagliptin 2.5mg,Type 2 diabetes,Generic,Multiple,Tablet,₹80-200,₹64-160,Prescription,Endocrinology
289,Saxagliptin 5mg,Type 2 diabetes,Generic,Multiple,Tablet,₹120-300,₹96-240,Prescription,Endocrinology
290,Linagliptin 5mg,Type 2 diabetes,Generic,Multiple,Tablet,₹100-250,₹80-200,Prescription,Endocrinology
291,Teneligliptin 20mg,Type 2 diabetes,Generic,Multiple,Tablet,₹80-200,₹64-160,Prescription,Endocrinology
292,Alogliptin 6.25mg,Type 2 diabetes,Generic,Multiple,Tablet,₹60-150,₹48-120,Prescription,Endocrinology
293,Alogliptin 12.5mg,Type 2 diabetes,Generic,Multiple,Tablet,₹80-200,₹64-160,Prescription,Endocrinology
294,Alogliptin 25mg,Type 2 diabetes,Generic,Multiple,Tablet,₹100-250,₹80-200,Prescription,Endocrinology
295,Repaglinide 0.5mg,Type 2 diabetes,Generic,Multiple,Tablet,₹25-60,₹20-48,Prescription,Endocrinology
296,Repaglinide 1mg,Type 2 diabetes,Generic,Multiple,Tablet,₹35-80,₹28-64,Prescription,Endocrinology
297,Repaglinide 2mg,Type 2 diabetes,Generic,Multiple,Tablet,₹50-120,₹40-96,Prescription,Endocrinology
298,Nateglinide 60mg,Type 2 diabetes,Generic,Multiple,Tablet,₹40-100,₹32-80,Prescription,Endocrinology
299,Nateglinide 120mg,Type 2 diabetes,Generic,Multiple,Tablet,₹60-150,₹48-120,Prescription,Endocrinology
300,Acarbose 25mg,Type 2 diabetes,Generic,Multiple,Tablet,₹30-80,₹24-64,Prescription,Endocrinology
301,Acarbose 50mg,Type 2 diabetes,Generic,Multiple,Tablet,₹50-120,₹40-96,Prescription,Endocrinology
302,Voglibose 0.2mg,Type 2 diabetes,Generic,Multiple,Tablet,₹25-60,₹20-48,Prescription,Endocrinology
303,Voglibose 0.3mg,Type 2 diabetes,Generic,Multiple,Tablet,₹35-80,₹28-64,Prescription,Endocrinology
304,Miglitol 25mg,Type 2 diabetes,Generic,Multiple,Tablet,₹40-100,₹32-80,Prescription,Endocrinology
305,Miglitol 50mg,Type 2 diabetes,Generic,Multiple,Tablet,₹60-150,₹48-120,Prescription,Endocrinology
306,Canagliflozin 100mg,Type 2 diabetes,Generic,Multiple,Tablet,₹200-500,₹160-400,Prescription,Endocrinology
307,Canagliflozin 300mg,Type 2 diabetes,Generic,Multiple,Tablet,₹300-800,₹240-640,Prescription,Endocrinology
308,Dapagliflozin 5mg,Type 2 diabetes,Generic,Multiple,Tablet,₹150-400,₹120-320,Prescription,Endocrinology
309,Dapagliflozin 10mg,Type 2 diabetes,Generic,Multiple,Tablet,₹250-600,₹200-480,Prescription,Endocrinology
310,Empagliflozin 10mg,Type 2 diabetes,Generic,Multiple,Tablet,₹200-500,₹160-400,Prescription,Endocrinology
311,Empagliflozin 25mg,Type 2 diabetes,Generic,Multiple,Tablet,₹300-800,₹240-640,Prescription,Endocrinology
312,Insulin Regular 40IU,Diabetes,Generic,Multiple,Injection,₹150-300,₹120-240,Prescription,Endocrinology
313,Insulin Regular 100IU,Diabetes,Generic,Multiple,Injection,₹300-600,₹240-480,Prescription,Endocrinology
314,Insulin NPH 40IU,Diabetes,Generic,Multiple,Injection,₹200-400,₹160-320,Prescription,Endocrinology
315,Insulin NPH 100IU,Diabetes,Generic,Multiple,Injection,₹400-800,₹320-640,Prescription,Endocrinology
316,Insulin Glargine 100IU,Diabetes,Generic,Multiple,Injection,₹800-2000,₹640-1600,Prescription,Endocrinology
317,Insulin Detemir 100IU,Diabetes,Generic,Multiple,Injection,₹600-1500,₹480-1200,Prescription,Endocrinology
318,Insulin Aspart 100IU,Diabetes,Generic,Multiple,Injection,₹500-1200,₹400-960,Prescription,Endocrinology
319,Insulin Lispro 100IU,Diabetes,Generic,Multiple,Injection,₹500-1200,₹400-960,Prescription,Endocrinology
320,Glucagon injection 1mg,Severe hypoglycemia,Generic,Multiple,Injection,₹2000-5000,₹1600-4000,Prescription,Endocrinology
321,Salbutamol 2mg,Asthma,Generic,Multiple,Tablet,₹12-30,₹10-24,Prescription,Respiratory Medicine
322,Salbutamol 4mg,Asthma,Generic,Multiple,Tablet,₹20-50,₹16-40,Prescription,Respiratory Medicine
323,Salbutamol syrup,Asthma,Generic,Multiple,Syrup,₹40-100,₹32-80,Prescription,Respiratory Medicine
324,Salbutamol inhaler,Asthma,Generic,Multiple,Inhaler,₹80-200,₹64-160,Prescription,Respiratory Medicine
325,Salbutamol nebulizer,Asthma,Generic,Multiple,Nebulizer,₹60-150,₹48-120,Prescription,Respiratory Medicine
326,Levosalbutamol 1mg,Asthma,Generic,Multiple,Tablet,₹15-35,₹12-28,Prescription,Respiratory Medicine
327,Levosalbutamol 2mg,Asthma,Generic,Multiple,Tablet,₹25-60,₹20-48,Prescription,Respiratory Medicine
328,Levosalbutamol syrup,Asthma,Generic,Multiple,Syrup,₹50-120,₹40-96,Prescription,Respiratory Medicine
329,Levosalbutamol inhaler,Asthma,Generic,Multiple,Inhaler,₹100-250,₹80-200,Prescription,Respiratory Medicine
330,Terbutaline 2.5mg,Asthma,Generic,Multiple,Tablet,₹15-40,₹12-32,Prescription,Respiratory Medicine
331,Terbutaline 5mg,Asthma,Generic,Multiple,Tablet,₹25-60,₹20-48,Prescription,Respiratory Medicine
332,Terbutaline injection,Severe asthma,Generic,Multiple,Injection,₹30-80,₹24-64,Prescription,Respiratory Medicine
333,Formoterol 6mcg,Asthma,Generic,Multiple,Capsule,₹100-250,₹80-200,Prescription,Respiratory Medicine
334,Formoterol 12mcg,Asthma,Generic,Multiple,Capsule,₹150-350,₹120-280,Prescription,Respiratory Medicine
335,Salmeterol 25mcg,Asthma,Generic,Multiple,Inhaler,₹200-500,₹160-400,Prescription,Respiratory Medicine
336,Salmeterol 50mcg,Asthma,Generic,Multiple,Inhaler,₹300-800,₹240-640,Prescription,Respiratory Medicine
337,Bambuterol 10mg,Asthma,Generic,Multiple,Tablet,₹60-150,₹48-120,Prescription,Respiratory Medicine
338,Bambuterol 20mg,Asthma,Generic,Multiple,Tablet,₹80-200,₹64-160,Prescription,Respiratory Medicine
339,Theophylline 100mg,Asthma,Generic,Multiple,Tablet,₹10-25,₹8-20,Prescription,Respiratory Medicine
340,Theophylline 200mg,Asthma,Generic,Multiple,Tablet,₹15-40,₹12-32,Prescription,Respiratory Medicine
341,Theophylline 300mg,Asthma,Generic,Multiple,Tablet,₹25-60,₹20-48,Prescription,Respiratory Medicine
342,Theophylline SR 200mg,Asthma,Generic,Multiple,Tablet,₹20-50,₹16-40,Prescription,Respiratory Medicine
343,Theophylline SR 300mg,Asthma,Generic,Multiple,Tablet,₹30-80,₹24-64,Prescription,Respiratory Medicine
344,Aminophylline 100mg,Asthma,Generic,Multiple,Tablet,₹12-30,₹10-24,Prescription,Respiratory Medicine
345,Aminophylline injection,Severe asthma,Generic,Multiple,Injection,₹20-50,₹16-40,Prescription,Respiratory Medicine
346,Doxofylline 200mg,Asthma,Generic,Multiple,Tablet,₹25-60,₹20-48,Prescription,Respiratory Medicine
347,Doxofylline 400mg,Asthma,Generic,Multiple,Tablet,₹40-100,₹32-80,Prescription,Respiratory Medicine
348,Etofylline 100mg,Asthma,Generic,Multiple,Tablet,₹15-40,₹12-32,Prescription,Respiratory Medicine
349,Beclomethasone 50mcg,Asthma,Generic,Multiple,Inhaler,₹150-400,₹120-320,Prescription,Respiratory Medicine
350,Beclomethasone 100mcg,Asthma,Generic,Multiple,Inhaler,₹200-500,₹160-400,Prescription,Respiratory Medicine
351,Budesonide 100mcg,Asthma,Generic,Multiple,Inhaler,₹200-500,₹160-400,Prescription,Respiratory Medicine
352,Budesonide 200mcg,Asthma,Generic,Multiple,Inhaler,₹300-800,₹240-640,Prescription,Respiratory Medicine
353,Budesonide 0.5mg,Asthma,Generic,Multiple,Nebulizer,₹150-400,₹120-320,Prescription,Respiratory Medicine
354,Fluticasone 25mcg,Asthma,Generic,Multiple,Inhaler,₹250-600,₹200-480,Prescription,Respiratory Medicine
355,Fluticasone 50mcg,Asthma,Generic,Multiple,Inhaler,₹350-900,₹280-720,Prescription,Respiratory Medicine
356,Fluticasone 125mcg,Asthma,Generic,Multiple,Inhaler,₹500-1200,₹400-960,Prescription,Respiratory Medicine
357,Mometasone 200mcg,Asthma,Generic,Multiple,Inhaler,₹400-1000,₹320-800,Prescription,Respiratory Medicine
358,Mometasone 400mcg,Asthma,Generic,Multiple,Inhaler,₹600-1500,₹480-1200,Prescription,Respiratory Medicine
359,Ciclesonide 80mcg,Asthma,Generic,Multiple,Inhaler,₹500-1200,₹400-960,Prescription,Respiratory Medicine
360,Ciclesonide 160mcg,Asthma,Generic,Multiple,Inhaler,₹700-1800,₹560-1440,Prescription,Respiratory Medicine
361,Ipratropium 20mcg,COPD,Generic,Multiple,Inhaler,₹150-400,₹120-320,Prescription,Respiratory Medicine
362,Ipratropium nasal spray,Rhinorrhea,Generic,Multiple,Spray,₹200-500,₹160-400,Prescription,Respiratory Medicine
363,Tiotropium 18mcg,COPD,Generic,Multiple,Capsule,₹300-800,₹240-640,Prescription,Respiratory Medicine
364,Glycopyrronium 44mcg,COPD,Generic,Multiple,Capsule,₹400-1000,₹320-800,Prescription,Respiratory Medicine
365,Aclidinium 322mcg,COPD,Generic,Multiple,Inhaler,₹500-1200,₹400-960,Prescription,Respiratory Medicine
366,Umeclidinium 55mcg,COPD,Generic,Multiple,Inhaler,₹600-1500,₹480-1200,Prescription,Respiratory Medicine
367,Montelukast 4mg,Asthma,Generic,Multiple,Tablet,₹30-80,₹24-64,Prescription,Respiratory Medicine
368,Montelukast 5mg,Asthma,Generic,Multiple,Tablet,₹40-100,₹32-80,Prescription,Respiratory Medicine
369,Montelukast 10mg,Asthma,Generic,Multiple,Tablet,₹50-120,₹40-96,Prescription,Respiratory Medicine
370,Zafirlukast 20mg,Asthma,Generic,Multiple,Tablet,₹100-250,₹80-200,Prescription,Respiratory Medicine
371,Zileuton 600mg,Asthma,Generic,Multiple,Tablet,₹200-500,₹160-400,Prescription,Respiratory Medicine
372,Ketotifen 1mg,Asthma,Generic,Multiple,Tablet,₹20-50,₹16-40,Prescription,Respiratory Medicine
373,Ketotifen syrup,Asthma,Generic,Multiple,Syrup,₹50-120,₹40-96,Prescription,Respiratory Medicine
374,Nedocromil inhaler,Asthma,Generic,Multiple,Inhaler,₹300-800,₹240-640,Prescription,Respiratory Medicine
375,Cromolyn inhaler,Asthma,Generic,Multiple,Inhaler,₹200-500,₹160-400,Prescription,Respiratory Medicine
376,Roflumilast 500mcg,COPD,Generic,Multiple,Tablet,₹400-1000,₹320-800,Prescription,Respiratory Medicine
377,Omalizumab injection,Severe asthma,Generic,Multiple,Injection,₹15000-35000,₹12000-28000,Prescription,Respiratory Medicine
378,Mepolizumab injection,Severe asthma,Generic,Multiple,Injection,₹20000-50000,₹16000-40000,Prescription,Respiratory Medicine
379,Benzonatate 100mg,Cough,Generic,Multiple,Capsule,₹50-120,₹40-96,Prescription,Respiratory Medicine
380,Dextromethorphan 15mg,Cough,Generic,Multiple,Syrup,₹30-80,₹24-64,OTC,Respiratory Medicine
381,Guaifenesin 100mg,Expectorant,Generic,Multiple,Syrup,₹50-120,₹40-96,OTC,Respiratory Medicine
382,Phenytoin 25mg,Epilepsy,Generic,Multiple,Capsule,₹8-20,₹6-16,Prescription,Neurology
383,Phenytoin 50mg,Epilepsy,Generic,Multiple,Capsule,₹12-30,₹10-24,Prescription,Neurology
384,Phenytoin 100mg,Epilepsy,Generic,Multiple,Capsule,₹20-50,₹16-40,Prescription,Neurology
385,Phenytoin injection,Status epilepticus,Generic,Multiple,Injection,₹50-150,₹40-120,Prescription,Neurology
386,Carbamazepine 100mg,Epilepsy,Generic,Multiple,Tablet,₹15-40,₹12-32,Prescription,Neurology
387,Carbamazepine 200mg,Epilepsy,Generic,Multiple,Tablet,₹25-60,₹20-48,Prescription,Neurology
388,Carbamazepine 300mg,Epilepsy,Generic,Multiple,Tablet,₹35-80,₹28-64,Prescription,Neurology
389,Carbamazepine 400mg,Epilepsy,Generic,Multiple,Tablet,₹50-120,₹40-96,Prescription,Neurology
390,Carbamazepine SR 200mg,Epilepsy,Generic,Multiple,Tablet,₹30-80,₹24-64,Prescription,Neurology
391,Carbamazepine SR 400mg,Epilepsy,Generic,Multiple,Tablet,₹60-150,₹48-120,Prescription,Neurology
392,Oxcarbazepine 150mg,Epilepsy,Generic,Multiple,Tablet,₹40-100,₹32-80,Prescription,Neurology
393,Oxcarbazepine 300mg,Epilepsy,Generic,Multiple,Tablet,₹60-150,₹48-120,Prescription,Neurology
394,Oxcarbazepine 600mg,Epilepsy,Generic,Multiple,Tablet,₹100-250,₹80-200,Prescription,Neurology
395,Sodium valproate 200mg,Epilepsy,Generic,Multiple,Tablet,₹20-50,₹16-40,Prescription,Neurology
396,Sodium valproate 300mg,Epilepsy,Generic,Multiple,Tablet,₹30-80,₹24-64,Prescription,Neurology
397,Sodium valproate 500mg,Epilepsy,Generic,Multiple,Tablet,₹50-120,₹40-96,Prescription,Neurology
398,Sodium valproate syrup,Epilepsy,Generic,Multiple,Syrup,₹80-200,₹64-160,Prescription,Neurology
399,Divalproex sodium 125mg,Epilepsy,Generic,Multiple,Tablet,₹25-60,₹20-48,Prescription,Neurology
400,Divalproex sodium 250mg,Epilepsy,Generic,Multiple,Tablet,₹40-100,₹32-80,Prescription,Neurology
401,Divalproex sodium 500mg,Epilepsy,Generic,Multiple,Tablet,₹60-150,₹48-120,Prescription,Neurology
402,Lamotrigine 25mg,Epilepsy,Generic,Multiple,Tablet,₹50-150,₹40-120,Prescription,Neurology
403,Lamotrigine 50mg,Epilepsy,Generic,Multiple,Tablet,₹80-200,₹64-160,Prescription,Neurology
404,Lamotrigine 100mg,Epilepsy,Generic,Multiple,Tablet,₹120-300,₹96-240,Prescription,Neurology
405,Lamotrigine 200mg,Epilepsy,Generic,Multiple,Tablet,₹200-500,₹160-400,Prescription,Neurology
406,Levetiracetam 250mg,Epilepsy,Generic,Multiple,Tablet,₹50-150,₹40-120,Prescription,Neurology
407,Levetiracetam 500mg,Epilepsy,Generic,Multiple,Tablet,₹80-200,₹64-160,Prescription,Neurology
408,Levetiracetam 750mg,Epilepsy,Generic,Multiple,Tablet,₹120-300,₹96-240,Prescription,Neurology
409,Levetiracetam 1000mg,Epilepsy,Generic,Multiple,Tablet,₹150-400,₹120-320,Prescription,Neurology
410,Levetiracetam syrup,Epilepsy,Generic,Multiple,Syrup,₹100-250,₹80-200,Prescription,Neurology
411,Topiramate 25mg,Epilepsy,Generic,Multiple,Tablet,₹40-100,₹32-80,Prescription,Neurology
412,Topiramate 50mg,Epilepsy,Generic,Multiple,Tablet,₹60-150,₹48-120,Prescription,Neurology
413,Topiramate 100mg,Epilepsy,Generic,Multiple,Tablet,₹80-200,₹64-160,Prescription,Neurology
414,Topiramate 200mg,Epilepsy,Generic,Multiple,Tablet,₹150-400,₹120-320,Prescription,Neurology
415,Gabapentin 100mg,Neuropathic pain,Generic,Multiple,Capsule,₹25-60,₹20-48,Prescription,Neurology
416,Gabapentin 300mg,Neuropathic pain,Generic,Multiple,Capsule,₹50-120,₹40-96,Prescription,Neurology
417,Gabapentin 400mg,Neuropathic pain,Generic,Multiple,Capsule,₹60-150,₹48-120,Prescription,Neurology
418,Gabapentin 600mg,Neuropathic pain,Generic,Multiple,Tablet,₹80-200,₹64-160,Prescription,Neurology
419,Gabapentin 800mg,Neuropathic pain,Generic,Multiple,Tablet,₹100-250,₹80-200,Prescription,Neurology
420,Pregabalin 25mg,Neuropathic pain,Generic,Multiple,Capsule,₹40-100,₹32-80,Prescription,Neurology
421,Pregabalin 75mg,Neuropathic pain,Generic,Multiple,Capsule,₹80-200,₹64-160,Prescription,Neurology
422,Pregabalin 150mg,Neuropathic pain,Generic,Multiple,Capsule,₹120-300,₹96-240,Prescription,Neurology
423,Pregabalin 300mg,Neuropathic pain,Generic,Multiple,Capsule,₹200-500,₹160-400,Prescription,Neurology
424,Clonazepam 0.25mg,Epilepsy,Generic,Multiple,Tablet,₹10-25,₹8-20,Prescription,Neurology
425,Clonazepam 0.5mg,Epilepsy,Generic,Multiple,Tablet,₹15-35,₹12-28,Prescription,Neurology
426,Clonazepam 1mg,Epilepsy,Generic,Multiple,Tablet,₹20-50,₹16-40,Prescription,Neurology
427,Clonazepam 2mg,Epilepsy,Generic,Multiple,Tablet,₹30-80,₹24-64,Prescription,Neurology
428,Clobazam 5mg,Epilepsy,Generic,Multiple,Tablet,₹25-60,₹20-48,Prescription,Neurology
429,Clobazam 10mg,Epilepsy,Generic,Multiple,Tablet,₹40-100,₹32-80,Prescription,Neurology
430,Nitrazepam 5mg,Epilepsy,Generic,Multiple,Tablet,₹20-50,₹16-40,Prescription,Neurology
431,Nitrazepam 10mg,Epilepsy,Generic,Multiple,Tablet,₹30-80,₹24-64,Prescription,Neurology
432,Ethosuximide 250mg,Absence seizures,Generic,Multiple,Capsule,₹60-150,₹48-120,Prescription,Neurology
433,Vigabatrin 500mg,Epilepsy,Generic,Multiple,Tablet,₹200-500,₹160-400,Prescription,Neurology
434,Zonisamide 25mg,Epilepsy,Generic,Multiple,Capsule,₹80-200,₹64-160,Prescription,Neurology
435,Zonisamide 50mg,Epilepsy,Generic,Multiple,Capsule,₹120-300,₹96-240,Prescription,Neurology
436,Zonisamide 100mg,Epilepsy,Generic,Multiple,Capsule,₹200-500,₹160-400,Prescription,Neurology
437,Lacosamide 50mg,Epilepsy,Generic,Multiple,Tablet,₹150-400,₹120-320,Prescription,Neurology
438,Lacosamide 100mg,Epilepsy,Generic,Multiple,Tablet,₹250-600,₹200-480,Prescription,Neurology
439,Lacosamide 200mg,Epilepsy,Generic,Multiple,Tablet,₹400-1000,₹320-800,Prescription,Neurology
440,Perampanel 2mg,Epilepsy,Generic,Multiple,Tablet,₹300-800,₹240-640,Prescription,Neurology
441,Perampanel 4mg,Epilepsy,Generic,Multiple,Tablet,₹500-1200,₹400-960,Prescription,Neurology
442,Perampanel 6mg,Epilepsy,Generic,Multiple,Tablet,₹700-1800,₹560-1440,Prescription,Neurology
443,Levodopa + Carbidopa 100+10mg,Parkinson's disease,Generic,Multiple,Tablet,₹50-120,₹40-96,Prescription,Neurology
444,Levodopa + Carbidopa 100+25mg,Parkinson's disease,Generic,Multiple,Tablet,₹60-150,₹48-120,Prescription,Neurology
445,Levodopa + Carbidopa 250+25mg,Parkinson's disease,Generic,Multiple,Tablet,₹80-200,₹64-160,Prescription,Neurology
446,Levodopa + Carbidopa + Entacapone,Parkinson's disease,Generic,Multiple,Tablet,₹150-400,₹120-320,Prescription,Neurology
447,Pramipexole 0.125mg,Parkinson's disease,Generic,Multiple,Tablet,₹80-200,₹64-160,Prescription,Neurology
448,Pramipexole 0.25mg,Parkinson's disease,Generic,Multiple,Tablet,₹100-250,₹80-200,Prescription,Neurology
449,Pramipexole 0.5mg,Parkinson's disease,Generic,Multiple,Tablet,₹150-400,₹120-320,Prescription,Neurology
450,Pramipexole 1mg,Parkinson's disease,Generic,Multiple,Tablet,₹200-500,₹160-400,Prescription,Neurology
451,Ropinirole 0.25mg,Parkinson's disease,Generic,Multiple,Tablet,₹60-150,₹48-120,Prescription,Neurology
452,Ropinirole 0.5mg,Parkinson's disease,Generic,Multiple,Tablet,₹80-200,₹64-160,Prescription,Neurology
453,Ropinirole 1mg,Parkinson's disease,Generic,Multiple,Tablet,₹120-300,₹96-240,Prescription,Neurology
454,Ropinirole 2mg,Parkinson's disease,Generic,Multiple,Tablet,₹200-500,₹160-400,Prescription,Neurology
455,Bromocriptine 1.25mg,Parkinson's disease,Generic,Multiple,Tablet,₹40-100,₹32-80,Prescription,Neurology
456,Bromocriptine 2.5mg,Parkinson's disease,Generic,Multiple,Tablet,₹60-150,₹48-120,Prescription,Neurology
457,Selegiline 5mg,Parkinson's disease,Generic,Multiple,Tablet,₹80-200,₹64-160,Prescription,Neurology
458,Rasagiline 0.5mg,Parkinson's disease,Generic,Multiple,Tablet,₹150-400,₹120-320,Prescription,Neurology
459,Rasagiline 1mg,Parkinson's disease,Generic,Multiple,Tablet,₹200-500,₹160-400,Prescription,Neurology
460,Trihexyphenidyl 2mg,Parkinson's disease,Generic,Multiple,Tablet,₹15-40,₹12-32,Prescription,Neurology
461,Trihexyphenidyl 5mg,Parkinson's disease,Generic,Multiple,Tablet,₹25-60,₹20-48,Prescription,Neurology
462,Benzhexol 2mg,Parkinson's disease,Generic,Multiple,Tablet,₹12-30,₹10-24,Prescription,Neurology
463,Benzhexol 5mg,Parkinson's disease,Generic,Multiple,Tablet,₹20-50,₹16-40,Prescription,Neurology
464,Amantadine 100mg,Parkinson's disease,Generic,Multiple,Tablet,₹40-100,₹32-80,Prescription,Neurology
465,Entacapone 200mg,Parkinson's disease,Generic,Multiple,Tablet,₹100-250,₹80-200,Prescription,Neurology
466,Tolcapone 100mg,Parkinson's disease,Generic,Multiple,Tablet,₹200-500,₹160-400,Prescription,Neurology
467,Rotigotine patch 2mg,Parkinson's disease,Generic,Multiple,Patch,₹500-1200,₹400-960,Prescription,Neurology
468,Rotigotine patch 4mg,Parkinson's disease,Generic,Multiple,Patch,₹800-2000,₹640-1600,Prescription,Neurology
469,Donepezil 5mg,Alzheimer's disease,Generic,Multiple,Tablet,₹80-200,₹64-160,Prescription,Neurology
470,Donepezil 10mg,Alzheimer's disease,Generic,Multiple,Tablet,₹150-400,₹120-320,Prescription,Neurology
471,Rivastigmine 1.5mg,Alzheimer's disease,Generic,Multiple,Capsule,₹100-250,₹80-200,Prescription,Neurology
472,Rivastigmine 3mg,Alzheimer's disease,Generic,Multiple,Capsule,₹150-400,₹120-320,Prescription,Neurology
473,Rivastigmine 4.5mg,Alzheimer's disease,Generic,Multiple,Capsule,₹200-500,₹160-400,Prescription,Neurology
474,Rivastigmine 6mg,Alzheimer's disease,Generic,Multiple,Capsule,₹250-600,₹200-480,Prescription,Neurology
475,Galantamine 4mg,Alzheimer's disease,Generic,Multiple,Tablet,₹120-300,₹96-240,Prescription,Neurology
476,Galantamine 8mg,Alzheimer's disease,Generic,Multiple,Tablet,₹200-500,₹160-400,Prescription,Neurology
477,Galantamine 12mg,Alzheimer's disease,Generic,Multiple,Tablet,₹300-800,₹240-640,Prescription,Neurology
478,Memantine 5mg,Alzheimer's disease,Generic,Multiple,Tablet,₹80-200,₹64-160,Prescription,Neurology
479,Memantine 10mg,Alzheimer's disease,Generic,Multiple,Tablet,₹120-300,₹96-240,Prescription,Neurology
480,Memantine 15mg,Alzheimer's disease,Generic,Multiple,Tablet,₹180-450,₹144-360,Prescription,Neurology
481,Memantine 20mg,Alzheimer's disease,Generic,Multiple,Tablet,₹250-600,₹200-480,Prescription,Neurology
482,Sertraline 25mg,Depression,Generic,Multiple,Tablet,₹30-80,₹24-64,Prescription,Psychiatry
483,Sertraline 50mg,Depression,Generic,Multiple,Tablet,₹50-120,₹40-96,Prescription,Psychiatry
484,Sertraline 100mg,Depression,Generic,Multiple,Tablet,₹80-200,₹64-160,Prescription,Psychiatry
485,Fluoxetine 10mg,Depression,Generic,Multiple,Capsule,₹20-50,₹16-40,Prescription,Psychiatry
486,Fluoxetine 20mg,Depression,Generic,Multiple,Capsule,₹30-80,₹24-64,Prescription,Psychiatry
487,Fluoxetine 40mg,Depression,Generic,Multiple,Capsule,₹60-150,₹48-120,Prescription,Psychiatry
488,Paroxetine 10mg,Depression,Generic,Multiple,Tablet,₹40-100,₹32-80,Prescription,Psychiatry
489,Paroxetine 20mg,Depression,Generic,Multiple,Tablet,₹60-150,₹48-120,Prescription,Psychiatry
490,Paroxetine 30mg,Depression,Generic,Multiple,Tablet,₹80-200,₹64-160,Prescription,Psychiatry
491,Citalopram 10mg,Depression,Generic,Multiple,Tablet,₹25-60,₹20-48,Prescription,Psychiatry
492,Citalopram 20mg,Depression,Generic,Multiple,Tablet,₹40-100,₹32-80,Prescription,Psychiatry
493,Citalopram 40mg,Depression,Generic,Multiple,Tablet,₹80-200,₹64-160,Prescription,Psychiatry
494,Escitalopram 5mg,Depression,Generic,Multiple,Tablet,₹40-100,₹32-80,Prescription,Psychiatry
495,Escitalopram 10mg,Depression,Generic,Multiple,Tablet,₹60-150,₹48-120,Prescription,Psychiatry
496,Escitalopram 20mg,Depression,Generic,Multiple,Tablet,₹100-250,₹80-200,Prescription,Psychiatry
497,Fluvoxamine 25mg,OCD,Generic,Multiple,Tablet,₹50-120,₹40-96,Prescription,Psychiatry
498,Fluvoxamine 50mg,OCD,Generic,Multiple,Tablet,₹80-200,₹64-160,Prescription,Psychiatry
499,Fluvoxamine 100mg,OCD,Generic,Multiple,Tablet,₹120-300,₹96-240,Prescription,Psychiatry
500,Amitriptyline 10mg,Depression,Generic,Multiple,Tablet,₹10-25,₹8-20,Prescription,Psychiatry
501,Amitriptyline 25mg,Depression,Generic,Multiple,Tablet,₹15-40,₹12-32,Prescription,Psychiatry
502,Amitriptyline 50mg,Depression,Generic,Multiple,Tablet,₹25-60,₹20-48,Prescription,Psychiatry
503,Amitriptyline 75mg,Depression,Generic,Multiple,Tablet,₹40-100,₹32-80,Prescription,Psychiatry
504,Imipramine 25mg,Depression,Generic,Multiple,Tablet,₹20-50,₹16-40,Prescription,Psychiatry
505,Imipramine 75mg,Depression,Generic,Multiple,Tablet,₹50-120,₹40-96,Prescription,Psychiatry
506,Clomipramine 10mg,OCD,Generic,Multiple,Tablet,₹25-60,₹20-48,Prescription,Psychiatry
507,Clomipramine 25mg,OCD,Generic,Multiple,Tablet,₹40-100,₹32-80,Prescription,Psychiatry
508,Clomipramine 50mg,OCD,Generic,Multiple,Tablet,₹60-150,₹48-120,Prescription,Psychiatry
509,Doxepin 10mg,Depression,Generic,Multiple,Capsule,₹30-80,₹24-64,Prescription,Psychiatry
510,Doxepin 25mg,Depression,Generic,Multiple,Capsule,₹50-120,₹40-96,Prescription,Psychiatry
511,Nortriptyline 10mg,Depression,Generic,Multiple,Tablet,₹25-60,₹20-48,Prescription,Psychiatry
512,Nortriptyline 25mg,Depression,Generic,Multiple,Tablet,₹40-100,₹32-80,Prescription,Psychiatry
513,Venlafaxine 37.5mg,Depression,Generic,Multiple,Tablet,₹30-80,₹24-64,Prescription,Psychiatry
514,Venlafaxine 75mg,Depression,Generic,Multiple,Tablet,₹50-120,₹40-96,Prescription,Psychiatry
515,Venlafaxine 150mg,Depression,Generic,Multiple,Tablet,₹80-200,₹64-160,Prescription,Psychiatry
516,Duloxetine 20mg,Depression,Generic,Multiple,Capsule,₹80-200,₹64-160,Prescription,Psychiatry
517,Duloxetine 30mg,Depression,Generic,Multiple,Capsule,₹100-250,₹80-200,Prescription,Psychiatry
518,Duloxetine 60mg,Depression,Generic,Multiple,Capsule,₹150-400,₹120-320,Prescription,Psychiatry
519,Desvenlafaxine 25mg,Depression,Generic,Multiple,Tablet,₹60-150,₹48-120,Prescription,Psychiatry
520,Desvenlafaxine 50mg,Depression,Generic,Multiple,Tablet,₹100-250,₹80-200,Prescription,Psychiatry
521,Mirtazapine 7.5mg,Depression,Generic,Multiple,Tablet,₹40-100,₹32-80,Prescription,Psychiatry
522,Mirtazapine 15mg,Depression,Generic,Multiple,Tablet,₹60-150,₹48-120,Prescription,Psychiatry
523,Mirtazapine 30mg,Depression,Generic,Multiple,Tablet,₹100-250,₹80-200,Prescription,Psychiatry
524,Trazodone 25mg,Depression,Generic,Multiple,Tablet,₹30-80,₹24-64,Prescription,Psychiatry
525,Trazodone 50mg,Depression,Generic,Multiple,Tablet,₹50-120,₹40-96,Prescription,Psychiatry
526,Trazodone 100mg,Depression,Generic,Multiple,Tablet,₹80-200,₹64-160,Prescription,Psychiatry
527,Bupropion 75mg,Depression,Generic,Multiple,Tablet,₹60-150,₹48-120,Prescription,Psychiatry
528,Bupropion 150mg,Depression,Generic,Multiple,Tablet,₹100-250,₹80-200,Prescription,Psychiatry
529,Alprazolam 0.25mg,Anxiety,Generic,Multiple,Tablet,₹8-20,₹6-16,Prescription,Psychiatry
530,Alprazolam 0.5mg,Anxiety,Generic,Multiple,Tablet,₹10-25,₹8-20,Prescription,Psychiatry
531,Alprazolam 1mg,Anxiety,Generic,Multiple,Tablet,₹15-40,₹12-32,Prescription,Psychiatry
532,Alprazolam 2mg,Anxiety,Generic,Multiple,Tablet,₹25-60,₹20-48,Prescription,Psychiatry
533,Lorazepam 1mg,Anxiety,Generic,Multiple,Tablet,₹12-30,₹10-24,Prescription,Psychiatry
534,Lorazepam 2mg,Anxiety,Generic,Multiple,Tablet,₹20-50,₹16-40,Prescription,Psychiatry
535,Diazepam 2mg,Anxiety,Generic,Multiple,Tablet,₹8-20,₹6-16,Prescription,Psychiatry
536,Diazepam 5mg,Anxiety,Generic,Multiple,Tablet,₹10-25,₹8-20,Prescription,Psychiatry
537,Diazepam 10mg,Anxiety,Generic,Multiple,Tablet,₹15-40,₹12-32,Prescription,Psychiatry
538,Chlordiazepoxide 5mg,Anxiety,Generic,Multiple,Tablet,₹10-25,₹8-20,Prescription,Psychiatry
539,Chlordiazepoxide 10mg,Anxiety,Generic,Multiple,Tablet,₹15-40,₹12-32,Prescription,Psychiatry
540,Bromazepam 1.5mg,Anxiety,Generic,Multiple,Tablet,₹20-50,₹16-40,Prescription,Psychiatry
541,Bromazepam 3mg,Anxiety,Generic,Multiple,Tablet,₹30-80,₹24-64,Prescription,Psychiatry
542,Oxazepam 10mg,Anxiety,Generic,Multiple,Tablet,₹25-60,₹20-48,Prescription,Psychiatry
543,Oxazepam 15mg,Anxiety,Generic,Multiple,Tablet,₹35-80,₹28-64,Prescription,Psychiatry
544,Buspirone 5mg,Anxiety,Generic,Multiple,Tablet,₹30-80,₹24-64,Prescription,Psychiatry
545,Buspirone 10mg,Anxiety,Generic,Multiple,Tablet,₹50-120,₹40-96,Prescription,Psychiatry
546,Zolpidem 5mg,Insomnia,Generic,Multiple,Tablet,₹40-100,₹32-80,Prescription,Psychiatry
547,Zolpidem 10mg,Insomnia,Generic,Multiple,Tablet,₹60-150,₹48-120,Prescription,Psychiatry
548,Zopiclone 3.75mg,Insomnia,Generic,Multiple,Tablet,₹30-80,₹24-64,Prescription,Psychiatry
549,Zopiclone 7.5mg,Insomnia,Generic,Multiple,Tablet,₹50-120,₹40-96,Prescription,Psychiatry
550,Eszopiclone 1mg,Insomnia,Generic,Multiple,Tablet,₹40-100,₹32-80,Prescription,Psychiatry
551,Eszopiclone 2mg,Insomnia,Generic,Multiple,Tablet,₹60-150,₹48-120,Prescription,Psychiatry
552,Eszopiclone 3mg,Insomnia,Generic,Multiple,Tablet,₹80-200,₹64-160,Prescription,Psychiatry
553,Omeprazole 10mg,GERD,Generic,Multiple,Capsule,₹10-25,₹8-20,OTC,Gastroenterology
554,Omeprazole 20mg,GERD,Generic,Multiple,Capsule,₹15-35,₹12-28,OTC,Gastroenterology
555,Omeprazole 40mg,GERD,Generic,Multiple,Capsule,₹25-60,₹20-48,Prescription,Gastroenterology
556,Esomeprazole 20mg,GERD,Generic,Multiple,Tablet,₹20-50,₹16-40,OTC,Gastroenterology
557,Esomeprazole 40mg,GERD,Generic,Multiple,Tablet,₹30-80,₹24-64,Prescription,Gastroenterology
558,Pantoprazole 20mg,GERD,Generic,Multiple,Tablet,₹15-35,₹12-28,OTC,Gastroenterology
559,Pantoprazole 40mg,GERD,Generic,Multiple,Tablet,₹20-50,₹16-40,OTC,Gastroenterology
560,Lansoprazole 15mg,GERD,Generic,Multiple,Capsule,₹25-60,₹20-48,OTC,Gastroenterology
561,Lansoprazole 30mg,GERD,Generic,Multiple,Capsule,₹40-100,₹32-80,Prescription,Gastroenterology
562,Rabeprazole 10mg,GERD,Generic,Multiple,Tablet,₹20-50,₹16-40,OTC,Gastroenterology
563,Rabeprazole 20mg,GERD,Generic,Multiple,Tablet,₹30-80,₹24-64,Prescription,Gastroenterology
564,Dexlansoprazole 30mg,GERD,Generic,Multiple,Capsule,₹80-200,₹64-160,Prescription,Gastroenterology
565,Dexlansoprazole 60mg,GERD,Generic,Multiple,Capsule,₹120-300,₹96-240,Prescription,Gastroenterology
566,Ranitidine 150mg,Acidity,Generic,Multiple,Tablet,₹8-20,₹6-16,OTC,Gastroenterology
567,Ranitidine 300mg,Acidity,Generic,Multiple,Tablet,₹15-35,₹12-28,OTC,Gastroenterology
568,Ranitidine syrup,Acidity,Generic,Multiple,Syrup,₹40-100,₹32-80,OTC,Gastroenterology
569,Famotidine 20mg,Acidity,Generic,Multiple,Tablet,₹15-40,₹12-32,OTC,Gastroenterology
570,Famotidine 40mg,Acidity,Generic,Multiple,Tablet,₹25-60,₹20-48,OTC,Gastroenterology
571,Cimetidine 200mg,Acidity,Generic,Multiple,Tablet,₹12-30,₹10-24,OTC,Gastroenterology
572,Cimetidine 400mg,Acidity,Generic,Multiple,Tablet,₹20-50,₹16-40,OTC,Gastroenterology
573,Nizatidine 150mg,Acidity,Generic,Multiple,Capsule,₹25-60,₹20-48,OTC,Gastroenterology
574,Nizatidine 300mg,Acidity,Generic,Multiple,Capsule,₹40-100,₹32-80,OTC,Gastroenterology
575,Sucralfate 1g,Peptic ulcer,Generic,Multiple,Tablet,₹30-80,₹24-64,Prescription,Gastroenterology
576,Sucralfate suspension,Peptic ulcer,Generic,Multiple,Syrup,₹80-200,₹64-160,Prescription,Gastroenterology
577,Misoprostol 100mcg,Peptic ulcer,Generic,Multiple,Tablet,₹50-150,₹40-120,Prescription,Gastroenterology
578,Misoprostol 200mcg,Peptic ulcer,Generic,Multiple,Tablet,₹80-200,₹64-160,Prescription,Gastroenterology
579,Bismuth subsalicylate,Peptic ulcer,Generic,Multiple,Tablet,₹40-100,₹32-80,OTC,Gastroenterology
580,Aluminum hydroxide 200mg,Acidity,Generic,Multiple,Tablet,₹5-15,₹4-12,OTC,Gastroenterology
581,Magnesium hydroxide 400mg,Acidity,Generic,Multiple,Tablet,₹8-20,₹6-16,OTC,Gastroenterology
582,Aluminum + Magnesium hydroxide,Acidity,Generic,Multiple,Tablet,₹8-20,₹6-16,OTC,Gastroenterology
583,Aluminum + Magnesium + Simethicone,"Acidity, Gas",Generic,Multiple,Tablet,₹10-25,₹8-20,OTC,Gastroenterology
584,Calcium carbonate 500mg,Acidity,Generic,Multiple,Tablet,₹8-20,₹6-16,OTC,Gastroenterology
585,Calcium carbonate 1250mg,Acidity,Generic,Multiple,Tablet,₹15-35,₹12-28,OTC,Gastroenterology
586,Sodium bicarbonate,Acidity,Generic,Multiple,Powder,₹10-25,₹8-20,OTC,Gastroenterology
587,Domperidone 10mg,"Nausea, Vomiting",Generic,Multiple,Tablet,₹15-40,₹12-32,Prescription,Gastroenterology
588,Domperidone 30mg SR,"Nausea, Vomiting",Generic,Multiple,Tablet,₹30-80,₹24-64,Prescription,Gastroenterology
589,Domperidone suspension,"Nausea, Vomiting",Generic,Multiple,Syrup,₹50-120,₹40-96,Prescription,Gastroenterology
590,Metoclopramide 5mg,"Nausea, Vomiting",Generic,Multiple,Tablet,₹8-20,₹6-16,Prescription,Gastroenterology
591,Metoclopramide 10mg,"Nausea, Vomiting",Generic,Multiple,Tablet,₹10-25,₹8-20,Prescription,Gastroenterology
592,Metoclopramide injection,Severe nausea,Generic,Multiple,Injection,₹15-40,₹12-32,Prescription,Gastroenterology
593,Ondansetron 4mg,"Nausea, Vomiting",Generic,Multiple,Tablet,₹25-60,₹20-48,Prescription,Gastroenterology
594,Ondansetron 8mg,"Nausea, Vomiting",Generic,Multiple,Tablet,₹40-100,₹32-80,Prescription,Gastroenterology
595,Ondansetron injection,Severe nausea,Generic,Multiple,Injection,₹50-150,₹40-120,Prescription,Gastroenterology
596,Granisetron 1mg,Chemotherapy nausea,Generic,Multiple,Tablet,₹100-250,₹80-200,Prescription,Gastroenterology
597,Granisetron 2mg,Chemotherapy nausea,Generic,Multiple,Tablet,₹150-400,₹120-320,Prescription,Gastroenterology
598,Dolasetron 12.5mg,"Nausea, Vomiting",Generic,Multiple,Tablet,₹80-200,₹64-160,Prescription,Gastroenterology
599,Dolasetron 25mg,"Nausea, Vomiting",Generic,Multiple,Tablet,₹120-300,₹96-240,Prescription,Gastroenterology
600,Promethazine 12.5mg,Motion sickness,Generic,Multiple,Tablet,₹15-40,₹12-32,OTC,Gastroenterology
601,Promethazine 25mg,Motion sickness,Generic,Multiple,Tablet,₹25-60,₹20-48,OTC,Gastroenterology
602,Dimenhydrinate 50mg,Motion sickness,Generic,Multiple,Tablet,₹20-50,₹16-40,OTC,Gastroenterology
603,Meclizine 12.5mg,Motion sickness,Generic,Multiple,Tablet,₹25-60,₹20-48,OTC,Gastroenterology
604,Meclizine 25mg,Motion sickness,Generic,Multiple,Tablet,₹40-100,₹32-80,OTC,Gastroenterology
605,Loperamide 2mg,Diarrhea,Generic,Multiple,Capsule,₹20-50,₹16-40,OTC,Gastroenterology
606,Loperamide 4mg,Diarrhea,Generic,Multiple,Capsule,₹35-80,₹28-64,OTC,Gastroenterology
607,Diphenoxylate + Atropine,Diarrhea,Generic,Multiple,Tablet,₹30-80,₹24-64,Prescription,Gastroenterology
608,Racecadotril 10mg,Diarrhea,Generic,Multiple,Capsule,₹40-100,₹32-80,Prescription,Gastroenterology
609,Racecadotril 30mg,Diarrhea,Generic,Multiple,Capsule,₹60-150,₹48-120,Prescription,Gastroenterology
610,Racecadotril 100mg,Diarrhea,Generic,Multiple,Capsule,₹100-250,₹80-200,Prescription,Gastroenterology
611,Bismuth subsalicylate,Diarrhea,Generic,Multiple,Tablet,₹40-100,₹32-80,OTC,Gastroenterology
612,Kaolin + Pectin,Diarrhea,Generic,Multiple,Suspension,₹50-120,₹40-96,OTC,Gastroenterology
613,ORS powder,Dehydration,Generic,Multiple,Powder,₹8-20,₹6-16,OTC,Gastroenterology
614,Zinc sulfate 20mg,Diarrhea supplement,Generic,Multiple,Tablet,₹10-25,₹8-20,OTC,Gastroenterology
615,Probiotics capsule,Gut health,Generic,Multiple,Capsule,₹50-150,₹40-120,OTC,Gastroenterology
616,Lactobacillus,Gut health,Generic,Multiple,Capsule,₹30-80,₹24-64,OTC,Gastroenterology
617,Bifidobacterium,Gut health,Generic,Multiple,Capsule,₹40-100,₹32-80,OTC,Gastroenterology
618,Saccharomyces boulardii,Antibiotic diarrhea,Generic,Multiple,Capsule,₹80-200,₹64-160,OTC,Gastroenterology
619,VSL#3,IBD,Branded,VSL Pharmaceuticals,Capsule,₹500-1200,₹400-960,Prescription,Gastroenterology
620,Docusate sodium 100mg,Constipation,Generic,Multiple,Capsule,₹20-50,₹16-40,OTC,Gastroenterology
621,Docusate sodium 250mg,Constipation,Generic,Multiple,Capsule,₹30-80,₹24-64,OTC,Gastroenterology
622,Bisacodyl 5mg,Constipation,Generic,Multiple,Tablet,₹10-25,₹8-20,OTC,Gastroenterology
623,Bisacodyl 10mg,Constipation,Generic,Multiple,Suppository,₹25-60,₹20-48,OTC,Gastroenterology
624,Senna 8.6mg,Constipation,Generic,Multiple,Tablet,₹15-35,₹12-28,OTC,Gastroenterology
625,Senna 17.2mg,Constipation,Generic,Multiple,Tablet,₹25-60,₹20-48,OTC,Gastroenterology
626,Psyllium husk 3.4g,Constipation,Generic,Multiple,Powder,₹80-200,₹64-160,OTC,Gastroenterology
627,Methylcellulose,Constipation,Generic,Multiple,Powder,₹100-250,₹80-200,OTC,Gastroenterology
628,Polyethylene glycol 3350,Constipation,Generic,Multiple,Powder,₹150-400,₹120-320,OTC,Gastroenterology
629,Lactulose 10g/15ml,Constipation,Generic,Multiple,Syrup,₹80-200,₹64-160,OTC,Gastroenterology
630,Sorbitol 70%,Constipation,Generic,Multiple,Solution,₹50-120,₹40-96,OTC,Gastroenterology
631,Magnesium hydroxide 400mg,Constipation,Generic,Multiple,Tablet,₹15-40,₹12-32,OTC,Gastroenterology
632,Magnesium sulfate,Severe constipation,Generic,Multiple,Powder,₹20-50,₹16-40,OTC,Gastroenterology
633,Lubiprostone 8mcg,Chronic constipation,Generic,Multiple,Capsule,₹200-500,₹160-400,Prescription,Gastroenterology
634,Lubiprostone 24mcg,IBS-C,Generic,Multiple,Capsule,₹300-800,₹240-640,Prescription,Gastroenterology
635,Linaclotide 145mcg,IBS-C,Generic,Multiple,Capsule,₹400-1000,₹320-800,Prescription,Gastroenterology
636,Linaclotide 290mcg,Chronic constipation,Generic,Multiple,Capsule,₹500-1200,₹400-960,Prescription,Gastroenterology
637,Plecanatide 3mg,Chronic constipation,Generic,Multiple,Tablet,₹400-1000,₹320-800,Prescription,Gastroenterology
638,Prucalopride 1mg,Chronic constipation,Generic,Multiple,Tablet,₹300-800,₹240-640,Prescription,Gastroenterology
639,Prucalopride 2mg,Chronic constipation,Generic,Multiple,Tablet,₹500-1200,₹400-960,Prescription,Gastroenterology
640,Simethicone 40mg,"Gas, Bloating",Generic,Multiple,Tablet,₹10-25,₹8-20,OTC,Gastroenterology
641,Simethicone 80mg,"Gas, Bloating",Generic,Multiple,Tablet,₹15-35,₹12-28,OTC,Gastroenterology
642,Simethicone 125mg,"Gas, Bloating",Generic,Multiple,Capsule,₹25-60,₹20-48,OTC,Gastroenterology
643,Simethicone drops,Infant gas,Generic,Multiple,Drops,₹50-120,₹40-96,OTC,Gastroenterology
644,Activated charcoal 250mg,"Gas, Bloating",Generic,Multiple,Capsule,₹20-50,₹16-40,OTC,Gastroenterology
645,Activated charcoal 520mg,Poisoning,Generic,Multiple,Capsule,₹40-100,₹32-80,OTC,Gastroenterology
646,Alpha galactosidase,Gas from beans,Generic,Multiple,Tablet,₹100-250,₹80-200,OTC,Gastroenterology
647,Lactase enzyme,Lactose intolerance,Generic,Multiple,Tablet,₹150-400,₹120-320,OTC,Gastroenterology
648,Pancreatin 25000 units,Pancreatic insufficiency,Generic,Multiple,Capsule,₹200-500,₹160-400,Prescription,Gastroenterology
649,Pancrelipase 12000 units,Pancreatic insufficiency,Generic,Multiple,Capsule,₹300-800,₹240-640,Prescription,Gastroenterology
650,Pancrelipase 24000 units,Pancreatic insufficiency,Generic,Multiple,Capsule,₹500-1200,₹400-960,Prescription,Gastroenterology
651,Ursodeoxycholic acid 150mg,Gallstones,Generic,Multiple,Tablet,₹80-200,₹64-160,Prescription,Gastroenterology
652,Ursodeoxycholic acid 300mg,Gallstones,Generic,Multiple,Tablet,₹150-400,₹120-320,Prescription,Gastroenterology
653,Chenodeoxycholic acid 250mg,Gallstones,Generic,Multiple,Capsule,₹200-500,₹160-400,Prescription,Gastroenterology
654,Mesalazine 400mg,IBD,Generic,Multiple,Tablet,₹100-250,₹80-200,Prescription,Gastroenterology
655,Mesalazine 800mg,IBD,Generic,Multiple,Tablet,₹200-500,₹160-400,Prescription,Gastroenterology
656,Mesalazine 1200mg,IBD,Generic,Multiple,Tablet,₹300-800,₹240-640,Prescription,Gastroenterology
657,Sulfasalazine 500mg,IBD,Generic,Multiple,Tablet,₹40-100,₹32-80,Prescription,Gastroenterology
658,Sulfasalazine 1000mg,IBD,Generic,Multiple,Tablet,₹80-200,₹64-160,Prescription,Gastroenterology
659,Balsalazide 750mg,Ulcerative colitis,Generic,Multiple,Capsule,₹200-500,₹160-400,Prescription,Gastroenterology
660,Olsalazine 250mg,Ulcerative colitis,Generic,Multiple,Capsule,₹150-400,₹120-320,Prescription,Gastroenterology
661,Budesonide 3mg,Crohn's disease,Generic,Multiple,Capsule,₹200-500,₹160-400,Prescription,Gastroenterology
662,Budesonide 9mg,Crohn's disease,Generic,Multiple,Capsule,₹400-1000,₹320-800,Prescription,Gastroenterology
663,Prednisolone 5mg,IBD,Generic,Multiple,Tablet,₹10-25,₹8-20,Prescription,Gastroenterology
664,Prednisolone 10mg,IBD,Generic,Multiple,Tablet,₹15-35,₹12-28,Prescription,Gastroenterology
665,Prednisolone 20mg,IBD,Generic,Multiple,Tablet,₹25-60,₹20-48,Prescription,Gastroenterology
666,Hydrocortisone 100mg,Severe IBD,Generic,Multiple,Injection,₹50-150,₹40-120,Prescription,Gastroenterology
667,Methylprednisolone 4mg,IBD,Generic,Multiple,Tablet,₹20-50,₹16-40,Prescription,Gastroenterology
668,Methylprednisolone 8mg,IBD,Generic,Multiple,Tablet,₹30-80,₹24-64,Prescription,Gastroenterology
669,Methylprednisolone 16mg,IBD,Generic,Multiple,Tablet,₹50-120,₹40-96,Prescription,Gastroenterology
670,Betamethasone 0.05% cream,"Eczema, Dermatitis",Generic,Multiple,Cream,₹30-80,₹24-64,Prescription,Dermatology
671,Betamethasone 0.1% cream,Severe dermatitis,Generic,Multiple,Cream,₹40-100,₹32-80,Prescription,Dermatology
672,Betamethasone 0.05% ointment,Dry skin conditions,Generic,Multiple,Ointment,₹35-90,₹28-72,Prescription,Dermatology
673,Clobetasol 0.05% cream,Psoriasis,Generic,Multiple,Cream,₹50-150,₹40-120,Prescription,Dermatology
674,Clobetasol 0.05% ointment,Severe psoriasis,Generic,Multiple,Ointment,₹60-150,₹48-120,Prescription,Dermatology
675,Hydrocortisone 1% cream,Mild dermatitis,Generic,Multiple,Cream,₹25-60,₹20-48,OTC,Dermatology
676,Hydrocortisone 2.5% cream,Dermatitis,Generic,Multiple,Cream,₹40-100,₹32-80,OTC,Dermatology
677,Triamcinolone 0.1% cream,Inflammatory skin,Generic,Multiple,Cream,₹40-100,₹32-80,Prescription,Dermatology
678,Triamcinolone 0.5% cream,Severe inflammation,Generic,Multiple,Cream,₹60-150,₹48-120,Prescription,Dermatology
679,Fluticasone 0.005% cream,Atopic dermatitis,Generic,Multiple,Cream,₹100-250,₹80-200,Prescription,Dermatology
680,Fluticasone 0.05% cream,Severe dermatitis,Generic,Multiple,Cream,₹150-400,₹120-320,Prescription,Dermatology
681,Mometasone 0.1% cream,Eczema,Generic,Multiple,Cream,₹80-200,₹64-160,Prescription,Dermatology
682,Mometasone 0.1% ointment,Dry eczema,Generic,Multiple,Ointment,₹100-250,₹80-200,Prescription,Dermatology
683,Halobetasol 0.05% cream,Resistant psoriasis,Generic,Multiple,Cream,₹120-300,₹96-240,Prescription,Dermatology
684,Halobetasol 0.05% ointment,Severe psoriasis,Generic,Multiple,Ointment,₹150-400,₹120-320,Prescription,Dermatology
685,Clotrimazole 1% cream,Fungal infections,Generic,Multiple,Cream,₹30-80,₹24-64,OTC,Dermatology
686,Clotrimazole 2% cream,Severe fungal infections,Generic,Multiple,Cream,₹40-100,₹32-80,OTC,Dermatology
687,Miconazole 2% cream,Fungal infections,Generic,Multiple,Cream,₹40-100,₹32-80,OTC,Dermatology
688,Miconazole powder,Fungal infections,Generic,Multiple,Powder,₹50-120,₹40-96,OTC,Dermatology
689,Terbinafine 1% cream,Athlete's foot,Generic,Multiple,Cream,₹60-150,₹48-120,OTC,Dermatology
690,Terbinafine 1% gel,Fungal skin infections,Generic,Multiple,Gel,₹70-180,₹56-144,OTC,Dermatology
691,Ketoconazole 2% cream,Seborrheic dermatitis,Generic,Multiple,Cream,₹50-120,₹40-96,OTC,Dermatology
692,Ketoconazole 2% shampoo,Dandruff,Generic,Multiple,Shampoo,₹150-400,₹120-320,OTC,Dermatology
693,Econazole 1% cream,Fungal infections,Generic,Multiple,Cream,₹60-150,₹48-120,OTC,Dermatology
694,Sertaconazole 2% cream,Fungal infections,Generic,Multiple,Cream,₹80-200,₹64-160,Prescription,Dermatology
695,Luliconazole 1% cream,Dermatophytosis,Generic,Multiple,Cream,₹100-250,₹80-200,Prescription,Dermatology
696,Ciclopirox 1% cream,Fungal infections,Generic,Multiple,Cream,₹120-300,₹96-240,Prescription,Dermatology
697,Nystatin 100000 units/g,Candida infections,Generic,Multiple,Cream,₹40-100,₹32-80,Prescription,Dermatology
698,Mupirocin 2% ointment,Bacterial skin infections,Generic,Multiple,Ointment,₹80-200,₹64-160,Prescription,Dermatology
699,Fusidic acid 2% cream,Bacterial infections,Generic,Multiple,Cream,₹100-250,₹80-200,Prescription,Dermatology
700,Neomycin + Polymyxin cream,Bacterial infections,Generic,Multiple,Cream,₹50-120,₹40-96,OTC,Dermatology
701,Gentamicin 0.1% cream,Bacterial infections,Generic,Multiple,Cream,₹40-100,₹32-80,Prescription,Dermatology
702,Chlorhexidine 2% solution,Antiseptic,Generic,Multiple,Solution,₹30-80,₹24-64,OTC,Dermatology
703,Povidone iodine 10%,Antiseptic,Generic,Multiple,Solution,₹25-60,₹20-48,OTC,Dermatology
704,Hydrogen peroxide 3%,Wound cleansing,Generic,Multiple,Solution,₹20-50,₹16-40,OTC,Dermatology
705,Silver sulfadiazine 1%,Burn wounds,Generic,Multiple,Cream,₹60-150,₹48-120,Prescription,Dermatology
706,Framycetin sulfate cream,Infected wounds,Generic,Multiple,Cream,₹40-100,₹32-80,Prescription,Dermatology
707,Acyclovir 5% cream,Herpes simplex,Generic,Multiple,Cream,₹80-200,₹64-160,OTC,Dermatology
708,Penciclovir 1% cream,Cold sores,Generic,Multiple,Cream,₹150-400,₹120-320,Prescription,Dermatology
709,Imiquimod 5% cream,Genital warts,Generic,Multiple,Cream,₹500-1200,₹400-960,Prescription,Dermatology
710,Podophyllotoxin 0.5%,Genital warts,Generic,Multiple,Solution,₹300-800,₹240-640,Prescription,Dermatology
711,Tretinoin 0.025% cream,Acne,Generic,Multiple,Cream,₹80-200,₹64-160,Prescription,Dermatology
712,Tretinoin 0.05% cream,Severe acne,Generic,Multiple,Cream,₹120-300,₹96-240,Prescription,Dermatology
713,Tretinoin 0.1% cream,Anti-aging,Generic,Multiple,Cream,₹200-500,₹160-400,Prescription,Dermatology
714,Adapalene 0.1% gel,Acne,Generic,Multiple,Gel,₹150-400,₹120-320,Prescription,Dermatology
715,Adapalene 0.3% gel,Severe acne,Generic,Multiple,Gel,₹250-600,₹200-480,Prescription,Dermatology
716,Tazarotene 0.05% gel,"Psoriasis, Acne",Generic,Multiple,Gel,₹300-800,₹240-640,Prescription,Dermatology
717,Tazarotene 0.1% gel,Severe psoriasis,Generic,Multiple,Gel,₹500-1200,₹400-960,Prescription,Dermatology
718,Isotretinoin 10mg,Severe acne,Generic,Multiple,Capsule,₹100-250,₹80-200,Prescription,Dermatology
719,Isotretinoin 20mg,Cystic acne,Generic,Multiple,Capsule,₹200-500,₹160-400,Prescription,Dermatology
720,Benzoyl peroxide 2.5%,Mild acne,Generic,Multiple,Gel,₹50-120,₹40-96,OTC,Dermatology
721,Benzoyl peroxide 5%,Acne,Generic,Multiple,Gel,₹80-200,₹64-160,OTC,Dermatology
722,Benzoyl peroxide 10%,Severe acne,Generic,Multiple,Gel,₹120-300,₹96-240,OTC,Dermatology
723,Clindamycin 1% gel,Acne,Generic,Multiple,Gel,₹100-250,₹80-200,Prescription,Dermatology
724,Clindamycin + Tretinoin,Acne,Generic,Multiple,Gel,₹200-500,₹160-400,Prescription,Dermatology
725,Clindamycin + Benzoyl peroxide,Acne,Generic,Multiple,Gel,₹150-400,₹120-320,Prescription,Dermatology
726,Erythromycin 2% gel,Acne,Generic,Multiple,Gel,₹80-200,₹64-160,Prescription,Dermatology
727,Nadifloxacin 1% cream,Acne,Generic,Multiple,Cream,₹120-300,₹96-240,Prescription,Dermatology
728,Salicylic acid 2%,"Acne, Warts",Generic,Multiple,Solution,₹50-120,₹40-96,OTC,Dermatology
729,Salicylic acid 6%,Warts,Generic,Multiple,Gel,₹80-200,₹64-160,OTC,Dermatology
730,Salicylic acid 17%,Plantar warts,Generic,Multiple,Gel,₹120-300,₹96-240,OTC,Dermatology
731,Azelaic acid 20%,"Acne, Melasma",Generic,Multiple,Cream,₹150-400,₹120-320,Prescription,Dermatology
732,Kojic acid 2%,Hyperpigmentation,Generic,Multiple,Cream,₹100-250,₹80-200,OTC,Dermatology
733,Hydroquinone 2%,Melasma,Generic,Multiple,Cream,₹80-200,₹64-160,Prescription,Dermatology
734,Hydroquinone 4%,Severe melasma,Generic,Multiple,Cream,₹150-400,₹120-320,Prescription,Dermatology
735,Tretinoin + Hydroquinone,Melasma,Generic,Multiple,Cream,₹200-500,₹160-400,Prescription,Dermatology
736,Tretinoin + Mometasone,Melasma,Generic,Multiple,Cream,₹250-600,₹200-480,Prescription,Dermatology
737,Arbutin 5%,Hyperpigmentation,Generic,Multiple,Cream,₹120-300,₹96-240,OTC,Dermatology
738,Vitamin C serum 20%,Antioxidant,Generic,Multiple,Serum,₹200-500,₹160-400,OTC,Dermatology
739,Niacinamide 10%,"Acne, Pores",Generic,Multiple,Serum,₹150-400,₹120-320,OTC,Dermatology
740,Hyaluronic acid serum,Hydration,Generic,Multiple,Serum,₹200-500,₹160-400,OTC,Dermatology
741,Glycolic acid 5%,Chemical peel,Generic,Multiple,Cream,₹100-250,₹80-200,OTC,Dermatology
742,Glycolic acid 10%,Anti-aging,Generic,Multiple,Cream,₹150-400,₹120-320,Prescription,Dermatology
743,Lactic acid 5%,Gentle exfoliation,Generic,Multiple,Serum,₹120-300,₹96-240,OTC,Dermatology
744,Mandelic acid 10%,Sensitive skin peel,Generic,Multiple,Serum,₹150-400,₹120-320,OTC,Dermatology
745,Calamine lotion,"Itching, Rash",Generic,Multiple,Lotion,₹30-80,₹24-64,OTC,Dermatology
746,Zinc oxide 20%,Diaper rash,Generic,Multiple,Cream,₹40-100,₹32-80,OTC,Dermatology
747,Aloe vera gel 99%,"Burns, Sunburn",Generic,Multiple,Gel,₹50-150,₹40-120,OTC,Dermatology
748,Petroleum jelly,Dry skin,Generic,Multiple,Jelly,₹25-60,₹20-48,OTC,Dermatology
749,White soft paraffin,Dry skin,Generic,Multiple,Cream,₹30-80,₹24-64,OTC,Dermatology
750,Liquid paraffin,Dry skin,Generic,Multiple,Lotion,₹40-100,₹32-80,OTC,Dermatology
751,Cetyl alcohol cream,Emollient,Generic,Multiple,Cream,₹50-120,₹40-96,OTC,Dermatology
752,Urea 10% cream,"Dry, cracked skin",Generic,Multiple,Cream,₹80-200,₹64-160,OTC,Dermatology
753,Urea 20% cream,Severe dryness,Generic,Multiple,Cream,₹120-300,₹96-240,OTC,Dermatology
754,Lactic acid + Urea,Hyperkeratosis,Generic,Multiple,Cream,₹100-250,₹80-200,OTC,Dermatology
755,Coal tar 3%,Psoriasis,Generic,Multiple,Shampoo,₹100-250,₹80-200,OTC,Dermatology
756,Coal tar 10%,Severe psoriasis,Generic,Multiple,Solution,₹150-400,₹120-320,Prescription,Dermatology
757,Selenium sulfide 2.5%,Dandruff,Generic,Multiple,Shampoo,₹100-250,₹80-200,OTC,Dermatology
758,Zinc pyrithione 1%,Dandruff,Generic,Multiple,Shampoo,₹80-200,₹64-160,OTC,Dermatology
759,Chloramphenicol 0.5% drops,Bacterial eye infections,Generic,Multiple,Drops,₹20-50,₹16-40,Prescription,Ophthalmology
760,Chloramphenicol 1% ointment,Eye infections,Generic,Multiple,Ointment,₹25-60,₹20-48,Prescription,Ophthalmology
761,Ciprofloxacin 0.3% drops,Bacterial conjunctivitis,Generic,Multiple,Drops,₹40-100,₹32-80,Prescription,Ophthalmology
762,Ofloxacin 0.3% drops,Eye infections,Generic,Multiple,Drops,₹50-120,₹40-96,Prescription,Ophthalmology
763,Levofloxacin 0.5% drops,Severe eye infections,Generic,Multiple,Drops,₹80-200,₹64-160,Prescription,Ophthalmology
764,Moxifloxacin 0.5% drops,Bacterial keratitis,Generic,Multiple,Drops,₹120-300,₹96-240,Prescription,Ophthalmology
765,Gatifloxacin 0.3% drops,Eye infections,Generic,Multiple,Drops,₹60-150,₹48-120,Prescription,Ophthalmology
766,Tobramycin 0.3% drops,Gram-negative infections,Generic,Multiple,Drops,₹80-200,₹64-160,Prescription,Ophthalmology
767,Gentamicin 0.3% drops,Eye infections,Generic,Multiple,Drops,₹30-80,₹24-64,Prescription,Ophthalmology
768,Neomycin + Polymyxin drops,Bacterial infections,Generic,Multiple,Drops,₹40-100,₹32-80,Prescription,Ophthalmology
769,Erythromycin 0.5% ointment,Neonatal conjunctivitis,Generic,Multiple,Ointment,₹50-120,₹40-96,Prescription,Ophthalmology
770,Tetracycline 1% ointment,Trachoma,Generic,Multiple,Ointment,₹30-80,₹24-64,Prescription,Ophthalmology
771,Fusidic acid 1% drops,Staphylococcal infections,Generic,Multiple,Drops,₹100-250,₹80-200,Prescription,Ophthalmology
772,Azithromycin 1% drops,Bacterial conjunctivitis,Generic,Multiple,Drops,₹150-400,₹120-320,Prescription,Ophthalmology
773,Prednisolone 1% drops,Inflammatory conditions,Generic,Multiple,Drops,₹50-120,₹40-96,Prescription,Ophthalmology
774,Prednisolone 0.5% drops,Mild inflammation,Generic,Multiple,Drops,₹40-100,₹32-80,Prescription,Ophthalmology
775,Dexamethasone 0.1% drops,Severe inflammation,Generic,Multiple,Drops,₹60-150,₹48-120,Prescription,Ophthalmology
776,Betamethasone 0.1% drops,Eye inflammation,Generic,Multiple,Drops,₹80-200,₹64-160,Prescription,Ophthalmology
777,Fluorometholone 0.1% drops,Allergic conjunctivitis,Generic,Multiple,Drops,₹100-250,₹80-200,Prescription,Ophthalmology
778,Rimexolone 1% drops,Postoperative inflammation,Generic,Multiple,Drops,₹150-400,₹120-320,Prescription,Ophthalmology
779,Loteprednol 0.5% drops,Seasonal allergic conjunctivitis,Generic,Multiple,Drops,₹200-500,₹160-400,Prescription,Ophthalmology
780,Tobramycin + Dexamethasone,Infected inflammation,Generic,Multiple,Drops,₹120-300,₹96-240,Prescription,Ophthalmology
781,Neomycin + Dexamethasone,Bacterial inflammation,Generic,Multiple,Drops,₹80-200,₹64-160,Prescription,Ophthalmology
782,Gentamicin + Prednisolone,Infected conjunctivitis,Generic,Multiple,Drops,₹60-150,₹48-120,Prescription,Ophthalmology
783,Moxifloxacin + Prednisolone,Severe infections,Generic,Multiple,Drops,₹200-500,₹160-400,Prescription,Ophthalmology
784,Natamycin 5% drops,Fungal keratitis,Generic,Multiple,Drops,₹200-500,₹160-400,Prescription,Ophthalmology
785,Amphotericin B 0.15%,Fungal eye infections,Generic,Multiple,Drops,₹300-800,₹240-640,Prescription,Ophthalmology
786,Fluconazole 0.2% drops,Fungal infections,Generic,Multiple,Drops,₹150-400,₹120-320,Prescription,Ophthalmology
787,Voriconazole 1% drops,Resistant fungal infections,Generic,Multiple,Drops,₹500-1200,₹400-960,Prescription,Ophthalmology
788,Acyclovir 3% ointment,Viral keratitis,Generic,Multiple,Ointment,₹150-400,₹120-320,Prescription,Ophthalmology
789,Ganciclovir 0.15% gel,CMV retinitis,Generic,Multiple,Gel,₹500-1200,₹400-960,Prescription,Ophthalmology
790,Trifluridine 1% drops,Viral keratitis,Generic,Multiple,Drops,₹300-800,₹240-640,Prescription,Ophthalmology
791,Timolol 0.25% drops,Glaucoma,Generic,Multiple,Drops,₹80-200,₹64-160,Prescription,Ophthalmology
792,Timolol 0.5% drops,High IOP,Generic,Multiple,Drops,₹100-250,₹80-200,Prescription,Ophthalmology
793,Betaxolol 0.5% drops,Glaucoma,Generic,Multiple,Drops,₹120-300,₹96-240,Prescription,Ophthalmology
794,Levobunolol 0.5% drops,Glaucoma,Generic,Multiple,Drops,₹150-400,₹120-320,Prescription,Ophthalmology
795,Carteolol 1% drops,Glaucoma,Generic,Multiple,Drops,₹180-450,₹144-360,Prescription,Ophthalmology
796,Latanoprost 0.005% drops,Glaucoma,Generic,Multiple,Drops,₹200-500,₹160-400,Prescription,Ophthalmology
797,Travoprost 0.004% drops,Glaucoma,Generic,Multiple,Drops,₹250-600,₹200-480,Prescription,Ophthalmology
798,Bimatoprost 0.03% drops,Glaucoma,Generic,Multiple,Drops,₹300-800,₹240-640,Prescription,Ophthalmology
799,Tafluprost 0.0015% drops,Glaucoma,Generic,Multiple,Drops,₹400-1000,₹320-800,Prescription,Ophthalmology
800,Dorzolamide 2% drops,Glaucoma,Generic,Multiple,Drops,₹150-400,₹120-320,Prescription,Ophthalmology
801,Brinzolamide 1% drops,Glaucoma,Generic,Multiple,Drops,₹200-500,₹160-400,Prescription,Ophthalmology
802,Acetazolamide 250mg,Glaucoma,Generic,Multiple,Tablet,₹50-150,₹40-120,Prescription,Ophthalmology
803,Brimonidine 0.2% drops,Glaucoma,Generic,Multiple,Drops,₹120-300,₹96-240,Prescription,Ophthalmology
804,Apraclonidine 0.5% drops,Post-laser IOP,Generic,Multiple,Drops,₹200-500,₹160-400,Prescription,Ophthalmology
805,Pilocarpine 1% drops,Glaucoma,Generic,Multiple,Drops,₹40-100,₹32-80,Prescription,Ophthalmology
806,Pilocarpine 2% drops,Glaucoma,Generic,Multiple,Drops,₹50-120,₹40-96,Prescription,Ophthalmology
807,Pilocarpine 4% drops,Angle closure,Generic,Multiple,Drops,₹60-150,₹48-120,Prescription,Ophthalmology
808,Tropicamide 0.5% drops,Pupil dilation,Generic,Multiple,Drops,₹30-80,₹24-64,Prescription,Ophthalmology
809,Tropicamide 1% drops,Fundus examination,Generic,Multiple,Drops,₹40-100,₹32-80,Prescription,Ophthalmology
810,Cyclopentolate 0.5% drops,Cycloplegia,Generic,Multiple,Drops,₹50-120,₹40-96,Prescription,Ophthalmology
811,Cyclopentolate 1% drops,Refraction,Generic,Multiple,Drops,₹60-150,₹48-120,Prescription,Ophthalmology
812,Homatropine 2% drops,Cycloplegia,Generic,Multiple,Drops,₹40-100,₹32-80,Prescription,Ophthalmology
813,Atropine 1% drops,Severe cycloplegia,Generic,Multiple,Drops,₹50-120,₹40-96,Prescription,Ophthalmology
814,Artificial tears,Dry eyes,Generic,Multiple,Drops,₹50-150,₹40-120,OTC,Ophthalmology
815,Hyaluronic acid drops,Severe dry eyes,Generic,Multiple,Drops,₹200-500,₹160-400,OTC,Ophthalmology
816,Carboxymethylcellulose drops,Dry eyes,Generic,Multiple,Drops,₹80-200,₹64-160,OTC,Ophthalmology
817,Polyethylene glycol drops,Dry eyes,Generic,Multiple,Drops,₹100-250,₹80-200,OTC,Ophthalmology
818,Cyclosporine 0.05% drops,Dry eye disease,Generic,Multiple,Drops,₹500-1200,₹400-960,Prescription,Ophthalmology
819,Lifitegrast 5% drops,Dry eye disease,Generic,Multiple,Drops,₹800-2000,₹640-1600,Prescription,Ophthalmology
820,Rose water drops,Eye irritation,Generic,Multiple,Drops,₹20-50,₹16-40,OTC,Ophthalmology
821,Folic acid 5mg,"Pregnancy, Anemia",Generic,Multiple,Tablet,₹8-20,₹6-16,OTC,Gynecology
822,Iron + Folic acid,Pregnancy anemia,Generic,Multiple,Tablet,₹10-25,₹8-20,OTC,Gynecology
823,Calcium + Vitamin D3,Pregnancy,Generic,Multiple,Tablet,₹15-40,₹12-32,OTC,Gynecology
824,Prenatal multivitamin,Pregnancy,Generic,Multiple,Tablet,₹50-150,₹40-120,OTC,Gynecology
825,DHA capsules,Fetal development,Generic,Multiple,Capsule,₹100-250,₹80-200,OTC,Gynecology
826,Iron sulfate 325mg,Iron deficiency,Generic,Multiple,Tablet,₹10-25,₹8-20,OTC,Gynecology
827,Iron fumarate 200mg,Iron deficiency,Generic,Multiple,Tablet,₹15-35,₹12-28,OTC,Gynecology
828,Iron gluconate 325mg,Gentle iron,Generic,Multiple,Tablet,₹20-50,₹16-40,OTC,Gynecology
829,Ferrous bisglycinate,Chelated iron,Generic,Multiple,Tablet,₹30-80,₹24-64,OTC,Gynecology
830,Iron injection,Severe anemia,Generic,Multiple,Injection,₹100-250,₹80-200,Prescription,Gynecology
831,Progesterone 100mg,Luteal phase defect,Generic,Multiple,Capsule,₹80-200,₹64-160,Prescription,Gynecology
832,Progesterone 200mg,Threatened abortion,Generic,Multiple,Capsule,₹120-300,₹96-240,Prescription,Gynecology
833,Progesterone 400mg,IVF support,Generic,Multiple,Capsule,₹200-500,₹160-400,Prescription,Gynecology
834,Progesterone gel 8%,Vaginal support,Generic,Multiple,Gel,₹300-800,₹240-640,Prescription,Gynecology
835,Dydrogesterone 10mg,Threatened abortion,Generic,Multiple,Tablet,₹100-250,₹80-200,Prescription,Gynecology
836,Dydrogesterone 20mg,Habitual abortion,Generic,Multiple,Tablet,₹150-400,₹120-320,Prescription,Gynecology
837,Hydroxyprogesterone injection,Preterm labor,Generic,Multiple,Injection,₹200-500,₹160-400,Prescription,Gynecology
838,Estradiol 1mg,Menopause,Generic,Multiple,Tablet,₹50-150,₹40-120,Prescription,Gynecology
839,Estradiol 2mg,HRT,Generic,Multiple,Tablet,₹80-200,₹64-160,Prescription,Gynecology
840,Conjugated estrogens 0.3mg,Menopause,Generic,Multiple,Tablet,₹100-250,₹80-200,Prescription,Gynecology
841,Conjugated estrogens 0.625mg,Menopause,Generic,Multiple,Tablet,₹150-400,₹120-320,Prescription,Gynecology
842,Estradiol valerate 1mg,HRT,Generic,Multiple,Tablet,₹60-150,₹48-120,Prescription,Gynecology
843,Estradiol valerate 2mg,HRT,Generic,Multiple,Tablet,₹100-250,₹80-200,Prescription,Gynecology
844,Estradiol gel,Transdermal HRT,Generic,Multiple,Gel,₹200-500,₹160-400,Prescription,Gynecology
845,Estradiol patch,HRT,Generic,Multiple,Patch,₹300-800,₹240-640,Prescription,Gynecology
846,Tibolone 2.5mg,Menopause,Generic,Multiple,Tablet,₹200-500,₹160-400,Prescription,Gynecology
847,Ethinyl estradiol 0.02mg,Contraceptive,Generic,Multiple,Tablet,₹30-80,₹24-64,Prescription,Gynecology
848,Ethinyl estradiol 0.03mg,Contraceptive,Generic,Multiple,Tablet,₹40-100,₹32-80,Prescription,Gynecology
849,Desogestrel 0.075mg,Contraceptive,Generic,Multiple,Tablet,₹50-120,₹40-96,Prescription,Gynecology
850,Levonorgestrel 0.03mg,Contraceptive,Generic,Multiple,Tablet,₹25-60,₹20-48,Prescription,Gynecology
851,Norgestrel 0.3mg,Contraceptive,Generic,Multiple,Tablet,₹30-80,₹24-64,Prescription,Gynecology
852,Norethisterone 0.35mg,Contraceptive,Generic,Multiple,Tablet,₹20-50,₹16-40,Prescription,Gynecology
853,Combined oral contraceptive,Birth control,Generic,Multiple,Tablet,₹50-150,₹40-120,Prescription,Gynecology
854,Emergency contraceptive,Morning after pill,Generic,Multiple,Tablet,₹50-150,₹40-120,OTC,Gynecology
855,Levonorgestrel 1.5mg,Emergency contraception,Generic,Multiple,Tablet,₹80-200,₹64-160,OTC,Gynecology
856,Ulipristal acetate 30mg,Emergency contraception,Generic,Multiple,Tablet,₹300-800,₹240-640,Prescription,Gynecology
857,Depot medroxyprogesterone,Injectable contraceptive,Generic,Multiple,Injection,₹200-500,₹160-400,Prescription,Gynecology
858,Norethisterone enanthate,Injectable contraceptive,Generic,Multiple,Injection,₹150-400,₹120-320,Prescription,Gynecology
859,Copper IUD,Long-term contraception,Generic,Multiple,Device,₹500-1200,₹400-960,Prescription,Gynecology
860,Levonorgestrel IUD,Hormonal IUD,Generic,Multiple,Device,₹3000-8000,₹2400-6400,Prescription,Gynecology
861,Norethisterone 5mg,Menstrual disorders,Generic,Multiple,Tablet,₹30-80,₹24-64,Prescription,Gynecology
862,Medroxyprogesterone 10mg,Amenorrhea,Generic,Multiple,Tablet,₹50-120,₹40-96,Prescription,Gynecology
863,Danazol 100mg,Endometriosis,Generic,Multiple,Capsule,₹150-400,₹120-320,Prescription,Gynecology
864,Danazol 200mg,Endometriosis,Generic,Multiple,Capsule,₹250-600,₹200-480,Prescription,Gynecology
865,GnRH agonist injection,Endometriosis,Generic,Multiple,Injection,₹2000-5000,₹1600-4000,Prescription,Gynecology
866,Leuprolide 3.75mg,Endometriosis,Generic,Multiple,Injection,₹3000-8000,₹2400-6400,Prescription,Gynecology
867,Goserelin 3.6mg,Endometriosis,Generic,Multiple,Implant,₹4000-10000,₹3200-8000,Prescription,Gynecology
868,Triptorelin 3.75mg,Endometriosis,Generic,Multiple,Injection,₹3500-9000,₹2800-7200,Prescription,Gynecology
869,Mifepristone 200mg,Medical abortion,Generic,Multiple,Tablet,₹200-500,₹160-400,Prescription,Gynecology
870,Misoprostol 200mcg,Medical abortion,Generic,Multiple,Tablet,₹100-250,₹80-200,Prescription,Gynecology
871,Mifepristone + Misoprostol,Medical abortion,Generic,Multiple,Kit,₹300-800,₹240-640,Prescription,Gynecology
872,Methylergonovine 0.2mg,Postpartum hemorrhage,Generic,Multiple,Tablet,₹15-40,₹12-32,Prescription,Gynecology
873,Ergometrine injection,Postpartum hemorrhage,Generic,Multiple,Injection,₹30-80,₹24-64,Prescription,Gynecology
874,Oxytocin injection,Labor induction,Generic,Multiple,Injection,₹20-50,₹16-40,Prescription,Gynecology
875,Carboprost injection,Severe PPH,Generic,Multiple,Injection,₹500-1200,₹400-960,Prescription,Gynecology
876,Tranexamic acid 500mg,Heavy menstrual bleeding,Generic,Multiple,Tablet,₹50-120,₹40-96,Prescription,Gynecology
877,Ethamsylate 250mg,Heavy bleeding,Generic,Multiple,Tablet,₹20-50,₹16-40,Prescription,Gynecology
878,Ethamsylate 500mg,Heavy bleeding,Generic,Multiple,Tablet,₹40-100,₹32-80,Prescription,Gynecology
879,Clomiphene citrate 50mg,Ovulation induction,Generic,Multiple,Tablet,₹80-200,₹64-160,Prescription,Gynecology
880,Clomiphene citrate 100mg,Infertility,Generic,Multiple,Tablet,₹150-400,₹120-320,Prescription,Gynecology
881,Letrozole 2.5mg,Ovulation induction,Generic,Multiple,Tablet,₹100-250,₹80-200,Prescription,Gynecology
882,Metformin 500mg,PCOS,Generic,Multiple,Tablet,₹10-25,₹8-20,Prescription,Gynecology
883,Metformin 850mg,PCOS,Generic,Multiple,Tablet,₹15-35,₹12-28,Prescription,Gynecology
884,Spironolactone 25mg,PCOS hirsutism,Generic,Multiple,Tablet,₹20-50,₹16-40,Prescription,Gynecology
885,Spironolactone 50mg,PCOS,Generic,Multiple,Tablet,₹30-80,₹24-64,Prescription,Gynecology
886,Finasteride 5mg,Hirsutism,Generic,Multiple,Tablet,₹80-200,₹64-160,Prescription,Gynecology
887,Cyproterone acetate 2mg,Hirsutism,Generic,Multiple,Tablet,₹50-120,₹40-96,Prescription,Gynecology
888,Cyproterone + Ethinyl estradiol,PCOS,Generic,Multiple,Tablet,₹100-250,₹80-200,Prescription,Gynecology
889,Drospirenone + Ethinyl estradiol,PCOS,Generic,Multiple,Tablet,₹150-400,₹120-320,Prescription,Gynecology
890,FSH injection 75 IU,IVF,Generic,Multiple,Injection,₹800-2000,₹640-1600,Prescription,Gynecology
891,FSH injection 150 IU,IVF,Generic,Multiple,Injection,₹1500-4000,₹1200-3200,Prescription,Gynecology
892,HMG injection 75 IU,IVF,Generic,Multiple,Injection,₹600-1500,₹480-1200,Prescription,Gynecology
893,HCG injection 5000 IU,Ovulation trigger,Generic,Multiple,Injection,₹300-800,₹240-640,Prescription,Gynecology
894,HCG injection 10000 IU,IVF,Generic,Multiple,Injection,₹500-1200,₹400-960,Prescription,Gynecology
895,Cetrorelix 0.25mg,IVF antagonist,Generic,Multiple,Injection,₹1000-2500,₹800-2000,Prescription,Gynecology
896,Ganirelix 0.25mg,IVF antagonist,Generic,Multiple,Injection,₹1200-3000,₹960-2400,Prescription,Gynecology
897,Fluconazole 150mg,Vaginal candidiasis,Generic,Multiple,Tablet,₹50-150,₹40-120,Prescription,Gynecology
898,Fluconazole 50mg,Recurrent candidiasis,Generic,Multiple,Tablet,₹30-80,₹24-64,Prescription,Gynecology
899,Clotrimazole pessary 100mg,Vaginal candidiasis,Generic,Multiple,Pessary,₹40-100,₹32-80,OTC,Gynecology
900,Clotrimazole pessary 500mg,Severe candidiasis,Generic,Multiple,Pessary,₹80-200,₹64-160,OTC,Gynecology
901,Miconazole pessary 400mg,Vaginal candidiasis,Generic,Multiple,Pessary,₹60-150,₹48-120,OTC,Gynecology
902,Nystatin pessary 100000 units,Vaginal candidiasis,Generic,Multiple,Pessary,₹50-120,₹40-96,Prescription,Gynecology
903,Terconazole 0.8% cream,Vaginal candidiasis,Generic,Multiple,Cream,₹100-250,₹80-200,Prescription,Gynecology
904,Butoconazole 2% cream,Vaginal candidiasis,Generic,Multiple,Cream,₹120-300,₹96-240,Prescription,Gynecology
905,Metronidazole 400mg,Bacterial vaginosis,Generic,Multiple,Tablet,₹15-40,₹12-32,Prescription,Gynecology
906,Metronidazole gel 0.75%,Bacterial vaginosis,Generic,Multiple,Gel,₹80-200,₹64-160,Prescription,Gynecology
907,Clindamycin 300mg,Bacterial vaginosis,Generic,Multiple,Capsule,₹60-150,₹48-120,Prescription,Gynecology
908,Clindamycin cream 2%,Bacterial vaginosis,Generic,Multiple,Cream,₹100-250,₹80-200,Prescription,Gynecology
909,Tinidazole 500mg,Trichomoniasis,Generic,Multiple,Tablet,₹30-80,₹24-64,Prescription,Gynecology
910,Secnidazole 1g,Bacterial vaginosis,Generic,Multiple,Tablet,₹80-200,₹64-160,Prescription,Gynecology
911,Probiotics vaginal capsules,Vaginal health,Generic,Multiple,Capsule,₹200-500,₹160-400,OTC,Gynecology
912,Lactobacillus vaginal tablets,Vaginal flora,Generic,Multiple,Tablet,₹150-400,₹120-320,OTC,Gynecology
913,Povidone iodine douche,Vaginal antiseptic,Generic,Multiple,Solution,₹50-120,₹40-96,OTC,Gynecology
914,Benzydamine HCl gel,Vaginal inflammation,Generic,Multiple,Gel,₹80-200,₹64-160,Prescription,Gynecology
915,Estradiol vaginal tablets,Vaginal atrophy,Generic,Multiple,Tablet,₹200-500,₹160-400,Prescription,Gynecology
916,Estradiol vaginal cream,Vaginal dryness,Generic,Multiple,Cream,₹300-800,₹240-640,Prescription,Gynecology
917,Hyaluronic acid gel,Vaginal dryness,Generic,Multiple,Gel,₹400-1000,₹320-800,OTC,Gynecology
918,Lubricating gel,Vaginal dryness,Generic,Multiple,Gel,₹100-250,₹80-200,OTC,Gynecology
919,pH balanced wash,Feminine hygiene,Generic,Multiple,Wash,₹100-250,₹80-200,OTC,Gynecology
920,Lactic acid gel,Vaginal pH,Generic,Multiple,Gel,₹150-400,₹120-320,OTC,Gynecology
921,Cranberry extract,UTI prevention,Generic,Multiple,Capsule,₹200-500,₹160-400,OTC,Gynecology
922,D-mannose powder,UTI prevention,Generic,Multiple,Powder,₹300-800,₹240-640,OTC,Gynecology
923,Paracetamol drops 100mg/ml,Fever in infants,Generic,Multiple,Drops,₹30-80,₹24-64,OTC,Pediatrics
924,Paracetamol syrup 125mg/5ml,Fever in children,Generic,Multiple,Syrup,₹40-100,₹32-80,OTC,Pediatrics
925,Paracetamol syrup 250mg/5ml,Fever in children,Generic,Multiple,Syrup,₹50-120,₹40-96,OTC,Pediatrics
926,Ibuprofen drops 100mg/ml,"Fever, Pain in infants",Generic,Multiple,Drops,₹50-120,₹40-96,OTC,Pediatrics
927,Ibuprofen syrup 100mg/5ml,Fever in children,Generic,Multiple,Syrup,₹60-150,₹48-120,OTC,Pediatrics
928,Ibuprofen syrup 200mg/5ml,Pain in children,Generic,Multiple,Syrup,₹80-200,₹64-160,OTC,Pediatrics
929,Nimesulide drops 50mg/ml,Fever in children,Generic,Multiple,Drops,₹40-100,₹32-80,Prescription,Pediatrics
930,Nimesulide syrup 50mg/5ml,Fever in children,Generic,Multiple,Syrup,₹50-120,₹40-96,Prescription,Pediatrics
931,Mefenamic acid drops,Pain in infants,Generic,Multiple,Drops,₹60-150,₹48-120,Prescription,Pediatrics
932,Mefenamic acid syrup 50mg/5ml,Pain in children,Generic,Multiple,Syrup,₹50-120,₹40-96,Prescription,Pediatrics
933,Aspirin 81mg,Kawasaki disease,Generic,Multiple,Tablet,₹15-40,₹12-32,Prescription,Pediatrics
934,ORS powder,Dehydration,Generic,Multiple,Powder,₹8-20,₹6-16,OTC,Pediatrics
935,ORS liquid ready-to-use,Severe dehydration,Generic,Multiple,Liquid,₹25-60,₹20-48,OTC,Pediatrics
936,Zinc sulfate drops 10mg/ml,Diarrhea supplement,Generic,Multiple,Drops,₹40-100,₹32-80,OTC,Pediatrics
937,Zinc sulfate syrup 20mg/5ml,Diarrhea in children,Generic,Multiple,Syrup,₹50-120,₹40-96,OTC,Pediatrics
938,Zinc gluconate 15mg,Immunity,Generic,Multiple,Tablet,₹30-80,₹24-64,OTC,Pediatrics
939,Probiotics drops,Gut health in infants,Generic,Multiple,Drops,₹150-400,₹120-320,OTC,Pediatrics
940,Probiotics syrup,Digestive health,Generic,Multiple,Syrup,₹100-250,₹80-200,OTC,Pediatrics
941,Lactulose syrup 10g/15ml,Constipation,Generic,Multiple,Syrup,₹80-200,₹64-160,OTC,Pediatrics
942,Glycerine suppository,Constipation in infants,Generic,Multiple,Suppository,₹30-80,₹24-64,OTC,Pediatrics
943,Simethicone drops 40mg/ml,Infant colic,Generic,Multiple,Drops,₹50-120,₹40-96,OTC,Pediatrics
944,Gripe water,Colic,Generic,Multiple,Liquid,₹50-150,₹40-120,OTC,Pediatrics
945,Domperidone drops 5mg/ml,Vomiting,Generic,Multiple,Drops,₹60-150,₹48-120,Prescription,Pediatrics
946,Domperidone syrup 5mg/5ml,Nausea in children,Generic,Multiple,Syrup,₹50-120,₹40-96,Prescription,Pediatrics
947,Ondansetron syrup 4mg/5ml,Severe vomiting,Generic,Multiple,Syrup,₹100-250,₹80-200,Prescription,Pediatrics
948,Iron drops 25mg/ml,Iron deficiency,Generic,Multiple,Drops,₹50-120,₹40-96,Prescription,Pediatrics
949,Iron syrup 18mg/5ml,Anemia,Generic,Multiple,Syrup,₹60-150,₹48-120,Prescription,Pediatrics
950,Iron + Folic acid drops,Anemia prevention,Generic,Multiple,Drops,₹60-150,₹48-120,OTC,Pediatrics
951,Folic acid drops 2.5mg/ml,Anemia,Generic,Multiple,Drops,₹40-100,₹32-80,OTC,Pediatrics
952,Vitamin B12 drops,B12 deficiency,Generic,Multiple,Drops,₹80-200,₹64-160,OTC,Pediatrics
953,Vitamin D3 drops 400IU/ml,Rickets prevention,Generic,Multiple,Drops,₹100-250,₹80-200,OTC,Pediatrics
954,Vitamin D3 drops 800IU/ml,Vitamin D deficiency,Generic,Multiple,Drops,₹150-400,₹120-320,OTC,Pediatrics
955,Vitamin D3 1000IU,Children deficiency,Generic,Multiple,Tablet,₹50-150,₹40-120,OTC,Pediatrics
956,Multivitamin drops,General nutrition,Generic,Multiple,Drops,₹100-250,₹80-200,OTC,Pediatrics
957,Multivitamin syrup,Growth support,Generic,Multiple,Syrup,₹80-200,₹64-160,OTC,Pediatrics
958,Calcium syrup 250mg/5ml,Bone development,Generic,Multiple,Syrup,₹60-150,₹48-120,OTC,Pediatrics
959,Calcium + Vitamin D3 syrup,Bone health,Generic,Multiple,Syrup,₹80-200,₹64-160,OTC,Pediatrics
960,DHA drops,Brain development,Generic,Multiple,Drops,₹200-500,₹160-400,OTC,Pediatrics
961,Omega-3 syrup,Cognitive development,Generic,Multiple,Syrup,₹150-400,₹120-320,OTC,Pediatrics
962,Protein powder for kids,Growth,Generic,Multiple,Powder,₹300-800,₹240-640,OTC,Pediatrics
963,Appetite stimulant syrup,Poor appetite,Generic,Multiple,Syrup,₹100-250,₹80-200,OTC,Pediatrics
964,Cyproheptadine syrup 2mg/5ml,Appetite stimulant,Generic,Multiple,Syrup,₹50-120,₹40-96,Prescription,Pediatrics
965,Lysine syrup,Growth promoter,Generic,Multiple,Syrup,₹80-200,₹64-160,OTC,Pediatrics
966,Amoxicillin drops 125mg/ml,Bacterial infections,Generic,Multiple,Drops,₹60-150,₹48-120,Prescription,Pediatrics
967,Amoxicillin syrup 125mg/5ml,Respiratory infections,Generic,Multiple,Syrup,₹50-120,₹40-96,Prescription,Pediatrics
968,Amoxicillin syrup 250mg/5ml,Severe infections,Generic,Multiple,Syrup,₹80-200,₹64-160,Prescription,Pediatrics
969,Amoxicillin + Clavulanic acid drops,Resistant infections,Generic,Multiple,Drops,₹100-250,₹80-200,Prescription,Pediatrics
970,Amoxicillin + Clavulanic acid syrup,UTI in children,Generic,Multiple,Syrup,₹120-300,₹96-240,Prescription,Pediatrics
971,Cefixime drops 50mg/ml,Bacterial infections,Generic,Multiple,Drops,₹80-200,₹64-160,Prescription,Pediatrics
972,Cefixime syrup 50mg/5ml,Respiratory infections,Generic,Multiple,Syrup,₹100-250,₹80-200,Prescription,Pediatrics
973,Azithromycin syrup 100mg/5ml,Atypical infections,Generic,Multiple,Syrup,₹150-400,₹120-320,Prescription,Pediatrics
974,Azithromycin syrup 200mg/5ml,Pneumonia,Generic,Multiple,Syrup,₹200-500,₹160-400,Prescription,Pediatrics
975,Erythromycin syrup 125mg/5ml,Pertussis,Generic,Multiple,Syrup,₹60-150,₹48-120,Prescription,Pediatrics
976,Clarithromycin syrup 125mg/5ml,H. pylori,Generic,Multiple,Syrup,₹150-400,₹120-320,Prescription,Pediatrics
977,Co-trimoxazole syrup,"UTI, PCP",Generic,Multiple,Syrup,₹40-100,₹32-80,Prescription,Pediatrics
978,Metronidazole syrup 100mg/5ml,Parasitic infections,Generic,Multiple,Syrup,₹40-100,₹32-80,Prescription,Pediatrics
979,Fluconazole syrup 50mg/5ml,Fungal infections,Generic,Multiple,Syrup,₹100-250,₹80-200,Prescription,Pediatrics
980,Acyclovir syrup 200mg/5ml,Viral infections,Generic,Multiple,Syrup,₹150-400,₹120-320,Prescription,Pediatrics
981,Salbutamol syrup 2mg/5ml,Asthma,Generic,Multiple,Syrup,₹50-120,₹40-96,Prescription,Pediatrics
982,Levosalbutamol syrup 1mg/5ml,Bronchospasm,Generic,Multiple,Syrup,₹80-200,₹64-160,Prescription,Pediatrics
983,Montelukast granules 4mg,Asthma in children,Generic,Multiple,Granules,₹100-250,₹80-200,Prescription,Pediatrics
984,Prednisolone syrup 5mg/5ml,"Asthma, Allergies",Generic,Multiple,Syrup,₹50-120,₹40-96,Prescription,Pediatrics
985,Dexamethasone drops,Severe inflammation,Generic,Multiple,Drops,₹40-100,₹32-80,Prescription,Pediatrics
986,Cetirizine drops 10mg/ml,Allergies in infants,Generic,Multiple,Drops,₹40-100,₹32-80,OTC,Pediatrics
987,Cetirizine syrup 5mg/5ml,Allergic rhinitis,Generic,Multiple,Syrup,₹50-120,₹40-96,OTC,Pediatrics
988,Loratadine syrup 5mg/5ml,Seasonal allergies,Generic,Multiple,Syrup,₹60-150,₹48-120,OTC,Pediatrics
989,Chlorpheniramine syrup 2mg/5ml,"Allergies, Cold",Generic,Multiple,Syrup,₹30-80,₹24-64,OTC,Pediatrics
990,Phenylephrine drops,Nasal congestion,Generic,Multiple,Drops,₹40-100,₹32-80,OTC,Pediatrics
991,Dextromethorphan syrup,Dry cough,Generic,Multiple,Syrup,₹60-150,₹48-120,OTC,Pediatrics
992,Guaifenesin syrup,Productive cough,Generic,Multiple,Syrup,₹50-120,₹40-96,OTC,Pediatrics
993,Honey-based cough syrup,Natural cough remedy,Generic,Multiple,Syrup,₹80-200,₹64-160,OTC,Pediatrics
994,Phenytoin syrup 30mg/5ml,Epilepsy,Generic,Multiple,Syrup,₹60-150,₹48-120,Prescription,Pediatrics
995,Carbamazepine syrup 100mg/5ml,Seizures,Generic,Multiple,Syrup,₹80-200,₹64-160,Prescription,Pediatrics
996,Sodium valproate syrup 200mg/5ml,Epilepsy,Generic,Multiple,Syrup,₹100-250,₹80-200,Prescription,Pediatrics
997,Levetiracetam syrup 100mg/ml,Seizures,Generic,Multiple,Syrup,₹200-500,₹160-400,Prescription,Pediatrics
998,Clonazepam drops 0.5mg/ml,Seizures in infants,Generic,Multiple,Drops,₹80-200,₹64-160,Prescription,Pediatrics
999,Diazepam syrup 2mg/5ml,Status epilepticus,Generic,Multiple,Syrup,₹40-100,₹32-80,Prescription,Pediatrics
1000,Lorazepam syrup 2mg/5ml,Seizures,Generic,Multiple,Syrup,₹60-150,₹48-120,Prescription,Pediatrics
1001,Growth hormone injection,Growth hormone deficiency,Generic,Multiple,Injection,₹5000-15000,₹4000-12000,Prescription,Pediatrics
1002,Insulin for children,Type 1 diabetes,Generic,Multiple,Injection,₹300-800,₹240-640,Prescription,Pediatrics
1003,Hydrocortisone syrup,Adrenal insufficiency,Generic,Multiple,Syrup,₹100-250,₹80-200,Prescription,Pediatrics
1004,Levothyroxine syrup,Congenital hypothyroidism,Generic,Multiple,Syrup,₹80-200,₹64-160,Prescription,Pediatrics
1005,Fludrocortisone,Salt-wasting syndrome,Generic,Multiple,Tablet,₹150-400,₹120-320,Prescription,Pediatrics
1006,Desmopressin nasal spray,Diabetes insipidus,Generic,Multiple,Spray,₹500-1200,₹400-960,Prescription,Pediatrics
1007,Calcitriol drops,Rickets treatment,Generic,Multiple,Drops,₹200-500,₹160-400,Prescription,Pediatrics
1008,Phosphorus syrup,Hypophosphatemia,Generic,Multiple,Syrup,₹100-250,₹80-200,Prescription,Pediatrics
1009,Potassium chloride syrup,Hypokalemia,Generic,Multiple,Syrup,₹50-120,₹40-96,Prescription,Pediatrics
1010,Sodium chloride drops,Hyponatremia,Generic,Multiple,Drops,₹30-80,₹24-64,Prescription,Pediatrics
1011,Phenylephrine 0.5% drops,Nasal congestion,Generic,Multiple,Drops,₹25-60,₹20-48,OTC,ENT
1012,Phenylephrine 1% drops,Severe congestion,Generic,Multiple,Drops,₹35-80,₹28-64,OTC,ENT
1013,Oxymetazoline 0.05% spray,Nasal congestion,Generic,Multiple,Spray,₹80-200,₹64-160,OTC,ENT
1014,Xylometazoline 0.1% drops,Nasal decongestion,Generic,Multiple,Drops,₹40-100,₹32-80,OTC,ENT
1015,Xylometazoline 0.05% drops,Children congestion,Generic,Multiple,Drops,₹35-90,₹28-72,OTC,ENT
1016,Naphazoline 0.1% drops,Nasal congestion,Generic,Multiple,Drops,₹30-80,₹24-64,OTC,ENT
1017,Saline nasal spray,Nasal irrigation,Generic,Multiple,Spray,₹50-150,₹40-120,OTC,ENT
1018,Sodium chloride 0.65% spray,Nasal cleansing,Generic,Multiple,Spray,₹60-150,₹48-120,OTC,ENT
1019,Fluticasone nasal spray,Allergic rhinitis,Generic,Multiple,Spray,₹200-500,₹160-400,Prescription,ENT
1020,Mometasone nasal spray,Nasal polyps,Generic,Multiple,Spray,₹250-600,₹200-480,Prescription,ENT
1021,Beclomethasone nasal spray,Allergic rhinitis,Generic,Multiple,Spray,₹180-450,₹144-360,Prescription,ENT
1022,Budesonide nasal spray,Rhinitis,Generic,Multiple,Spray,₹200-500,₹160-400,Prescription,ENT
1023,Azelastine nasal spray,Allergic rhinitis,Generic,Multiple,Spray,₹300-800,₹240-640,Prescription,ENT
1024,Cromolyn sodium spray,Allergic rhinitis,Generic,Multiple,Spray,₹150-400,₹120-320,Prescription,ENT
1025,Ipratropium nasal spray,Rhinorrhea,Generic,Multiple,Spray,₹200-500,₹160-400,Prescription,ENT
1026,Triamcinolone nasal spray,Nasal allergies,Generic,Multiple,Spray,₹250-600,₹200-480,Prescription,ENT
1027,Chloramphenicol ear drops,Bacterial ear infections,Generic,Multiple,Drops,₹30-80,₹24-64,Prescription,ENT
1028,Ciprofloxacin ear drops,Otitis externa,Generic,Multiple,Drops,₹50-120,₹40-96,Prescription,ENT
1029,Ofloxacin ear drops,Chronic otitis media,Generic,Multiple,Drops,₹60-150,₹48-120,Prescription,ENT
1030,Gentamicin ear drops,Severe ear infections,Generic,Multiple,Drops,₹40-100,₹32-80,Prescription,ENT
1031,Neomycin + Polymyxin ear drops,External otitis,Generic,Multiple,Drops,₹50-120,₹40-96,Prescription,ENT
1032,Framycetin ear drops,Bacterial otitis,Generic,Multiple,Drops,₹35-90,₹28-72,Prescription,ENT
1033,Clotrimazole ear drops,Fungal otitis,Generic,Multiple,Drops,₹60-150,₹48-120,Prescription,ENT
1034,Ketoconazole ear drops,Fungal ear infections,Generic,Multiple,Drops,₹80-200,₹64-160,Prescription,ENT
1035,Acetic acid ear drops,Swimmer's ear,Generic,Multiple,Drops,₹40-100,₹32-80,OTC,ENT
1036,Hydrogen peroxide ear drops,Ear wax removal,Generic,Multiple,Drops,₹30-80,₹24-64,OTC,ENT
1037,Docusate sodium ear drops,Ear wax softening,Generic,Multiple,Drops,₹50-120,₹40-96,OTC,ENT
1038,Mineral oil ear drops,Ear wax removal,Generic,Multiple,Drops,₹25-60,₹20-48,OTC,ENT
1039,Glycerine ear drops,Ear wax softening,Generic,Multiple,Drops,₹20-50,₹16-40,OTC,ENT
1040,Betamethasone + Neomycin drops,Infected eczematous otitis,Generic,Multiple,Drops,₹80-200,₹64-160,Prescription,ENT
1041,Hydrocortisone + Neomycin drops,Allergic otitis externa,Generic,Multiple,Drops,₹60-150,₹48-120,Prescription,ENT
1042,Prednisolone + Neomycin drops,Inflammatory ear conditions,Generic,Multiple,Drops,₹70-180,₹56-144,Prescription,ENT
1043,Benzocaine ear drops,Ear pain relief,Generic,Multiple,Drops,₹50-120,₹40-96,OTC,ENT
1044,Lidocaine ear drops,Severe ear pain,Generic,Multiple,Drops,₹60-150,₹48-120,Prescription,ENT
1045,Phenylephrine + CPM tablet,Common cold,Generic,Multiple,Tablet,₹15-40,₹12-32,OTC,ENT
1046,Phenylephrine + CPM syrup,Cold in children,Generic,Multiple,Syrup,₹50-120,₹40-96,OTC,ENT
1047,Pseudoephedrine 30mg,Sinus congestion,Generic,Multiple,Tablet,₹20-50,₹16-40,OTC,ENT
1048,Pseudoephedrine 60mg,Severe congestion,Generic,Multiple,Tablet,₹30-80,₹24-64,OTC,ENT
1049,Pseudoephedrine ER 120mg,Extended relief,Generic,Multiple,Tablet,₹50-120,₹40-96,OTC,ENT
1050,Cetirizine + Pseudoephedrine,Allergic rhinitis,Generic,Multiple,Tablet,₹40-100,₹32-80,OTC,ENT
1051,Loratadine + Pseudoephedrine,Seasonal allergies,Generic,Multiple,Tablet,₹50-120,₹40-96,OTC,ENT
1052,Montelukast + Levocetirizine,Allergic rhinitis,Generic,Multiple,Tablet,₹80-200,₹64-160,Prescription,ENT
1053,Fexofenadine + Pseudoephedrine,Congestion with allergy,Generic,Multiple,Tablet,₹60-150,₹48-120,Prescription,ENT
1054,Benzydamine mouthwash,Throat inflammation,Generic,Multiple,Mouthwash,₹80-200,₹64-160,Prescription,ENT
1055,Chlorhexidine mouthwash,Oral antiseptic,Generic,Multiple,Mouthwash,₹50-150,₹40-120,OTC,ENT
1056,Povidone iodine gargle,Throat antiseptic,Generic,Multiple,Gargle,₹40-100,₹32-80,OTC,ENT
1057,Hydrogen peroxide mouthwash,Oral hygiene,Generic,Multiple,Mouthwash,₹30-80,₹24-64,OTC,ENT
1058,Cetylpyridinium mouthwash,Plaque control,Generic,Multiple,Mouthwash,₹60-150,₹48-120,OTC,ENT
1059,Triclosan mouthwash,Gingivitis,Generic,Multiple,Mouthwash,₹50-120,₹40-96,OTC,ENT
1060,Fluoride mouthwash,Cavity prevention,Generic,Multiple,Mouthwash,₹40-100,₹32-80,OTC,ENT
1061,Benzocaine throat spray,Throat pain,Generic,Multiple,Spray,₹60-150,₹48-120,OTC,ENT
1062,Lidocaine throat spray,Severe throat pain,Generic,Multiple,Spray,₹80-200,₹64-160,Prescription,ENT
1063,Menthol lozenges,Throat irritation,Generic,Multiple,Lozenge,₹20-50,₹16-40,OTC,ENT
1064,Benzocaine lozenges,Sore throat,Generic,Multiple,Lozenge,₹30-80,₹24-64,OTC,ENT
1065,Dyclonine lozenges,Throat numbing,Generic,Multiple,Lozenge,₹40-100,₹32-80,OTC,ENT
1066,Pectin lozenges,Throat coating,Generic,Multiple,Lozenge,₹25-60,₹20-48,OTC,ENT
1067,Honey lozenges,Natural throat relief,Generic,Multiple,Lozenge,₹30-80,₹24-64,OTC,ENT
1068,Eucalyptus lozenges,Congestion relief,Generic,Multiple,Lozenge,₹25-60,₹20-48,OTC,ENT
1069,Amoxicillin 250mg,Throat infections,Generic,Multiple,Capsule,₹20-50,₹16-40,Prescription,ENT
1070,Amoxicillin 500mg,Severe strep throat,Generic,Multiple,Capsule,₹30-80,₹24-64,Prescription,ENT
1071,Azithromycin 250mg,Sinusitis,Generic,Multiple,Tablet,₹60-150,₹48-120,Prescription,ENT
1072,Cefuroxime 250mg,ENT infections,Generic,Multiple,Tablet,₹80-200,₹64-160,Prescription,ENT
1073,Cephalexin 500mg,Throat infections,Generic,Multiple,Capsule,₹50-120,₹40-96,Prescription,ENT
1074,Clindamycin 300mg,Anaerobic ENT infections,Generic,Multiple,Capsule,₹60-150,₹48-120,Prescription,ENT
1075,Doxycycline 100mg,Sinusitis,Generic,Multiple,Capsule,₹30-80,₹24-64,Prescription,ENT
1076,Levofloxacin 500mg,Complicated sinusitis,Generic,Multiple,Tablet,₹80-200,₹64-160,Prescription,ENT
1077,Prednisolone 10mg,ENT inflammation,Generic,Multiple,Tablet,₹15-35,₹12-28,Prescription,ENT
1078,Betamethasone 0.5mg,Severe ENT inflammation,Generic,Multiple,Tablet,₹25-60,₹20-48,Prescription,ENT
1079,Dexamethasone 0.5mg,ENT allergic conditions,Generic,Multiple,Tablet,₹20-50,₹16-40,Prescription,ENT
1080,Deflazacort 6mg,ENT inflammatory conditions,Generic,Multiple,Tablet,₹40-100,₹32-80,Prescription,ENT
1081,Paracetamol + Phenylephrine,Cold and fever,Generic,Multiple,Tablet,₹20-50,₹16-40,OTC,ENT
1082,Ibuprofen + Phenylephrine,Sinus pain,Generic,Multiple,Tablet,₹30-80,₹24-64,OTC,ENT
1083,Aspirin + Phenylephrine,Sinus headache,Generic,Multiple,Tablet,₹25-60,₹20-48,OTC,ENT
1084,Guaifenesin 400mg,Mucus expectorant,Generic,Multiple,Tablet,₹50-120,₹40-96,OTC,ENT
1085,Bromhexine 8mg,Mucolytic,Generic,Multiple,Tablet,₹15-40,₹12-32,OTC,ENT
1086,Ambroxol 30mg,Secretolytic,Generic,Multiple,Tablet,₹20-50,₹16-40,OTC,ENT
1087,N-acetylcysteine 200mg,Mucolytic,Generic,Multiple,Tablet,₹80-200,₹64-160,Prescription,ENT
1088,Vitamin A 10000 IU,"Vision, Immunity",Generic,Multiple,Capsule,₹50-120,₹40-96,OTC,Nutritional
1089,Vitamin A 25000 IU,Severe deficiency,Generic,Multiple,Capsule,₹80-200,₹64-160,OTC,Nutritional
1090,Beta carotene 25000 IU,Antioxidant,Generic,Multiple,Capsule,₹100-250,₹80-200,OTC,Nutritional
1091,Vitamin B1 100mg,Thiamine deficiency,Generic,Multiple,Tablet,₹20-50,₹16-40,OTC,Nutritional
1092,Vitamin B1 300mg,Severe beriberi,Generic,Multiple,Tablet,₹40-100,₹32-80,OTC,Nutritional
1093,Vitamin B2 10mg,Riboflavin deficiency,Generic,Multiple,Tablet,₹25-60,₹20-48,OTC,Nutritional
1094,Vitamin B2 25mg,Severe deficiency,Generic,Multiple,Tablet,₹40-100,₹32-80,OTC,Nutritional
1095,Vitamin B3 100mg,Niacin deficiency,Generic,Multiple,Tablet,₹30-80,₹24-64,OTC,Nutritional
1096,Vitamin B3 500mg,Cholesterol management,Generic,Multiple,Tablet,₹80-200,₹64-160,OTC,Nutritional
1097,Vitamin B5 100mg,Pantothenic acid,Generic,Multiple,Tablet,₹40-100,₹32-80,OTC,Nutritional
1098,Vitamin B5 500mg,Stress support,Generic,Multiple,Tablet,₹80-200,₹64-160,OTC,Nutritional
1099,Vitamin B6 25mg,Pyridoxine deficiency,Generic,Multiple,Tablet,₹20-50,₹16-40,OTC,Nutritional
1100,Vitamin B6 100mg,"PMS, Neuropathy",Generic,Multiple,Tablet,₹40-100,₹32-80,OTC,Nutritional
1101,Vitamin B7 5000mcg,Biotin for hair,Generic,Multiple,Tablet,₹150-400,₹120-320,OTC,Nutritional
1102,Vitamin B7 10000mcg,"Hair, Skin, Nails",Generic,Multiple,Tablet,₹250-600,₹200-480,OTC,Nutritional
1103,Vitamin B9 5mg,Folic acid,Generic,Multiple,Tablet,₹8-20,₹6-16,OTC,Nutritional
1104,Vitamin B9 1mg,Pregnancy supplement,Generic,Multiple,Tablet,₹5-15,₹4-12,OTC,Nutritional
1105,Vitamin B12 500mcg,B12 deficiency,Generic,Multiple,Tablet,₹30-80,₹24-64,OTC,Nutritional
1106,Vitamin B12 1000mcg,Severe B12 deficiency,Generic,Multiple,Tablet,₹50-120,₹40-96,OTC,Nutritional
1107,Vitamin B12 1500mcg,Methylcobalamin,Generic,Multiple,Tablet,₹80-200,₹64-160,OTC,Nutritional
1108,Vitamin B12 injection 1000mcg,Severe deficiency,Generic,Multiple,Injection,₹50-150,₹40-120,Prescription,Nutritional
1109,B-Complex tablet,Multiple B vitamins,Generic,Multiple,Tablet,₹30-80,₹24-64,OTC,Nutritional
1110,B-Complex forte,High potency B vitamins,Generic,Multiple,Tablet,₹50-120,₹40-96,OTC,Nutritional
1111,B-Complex syrup,Liquid B vitamins,Generic,Multiple,Syrup,₹80-200,₹64-160,OTC,Nutritional
1112,Vitamin C 500mg,"Immunity, Antioxidant",Generic,Multiple,Tablet,₹20-50,₹16-40,OTC,Nutritional
1113,Vitamin C 1000mg,High dose immunity,Generic,Multiple,Tablet,₹40-100,₹32-80,OTC,Nutritional
1114,Vitamin C chewable 500mg,Flavored immunity,Generic,Multiple,Tablet,₹50-120,₹40-96,OTC,Nutritional
1115,Vitamin C effervescent 1000mg,Quick absorption,Generic,Multiple,Tablet,₹100-250,₹80-200,OTC,Nutritional
1116,Vitamin C + Zinc,Immunity boost,Generic,Multiple,Tablet,₹60-150,₹48-120,OTC,Nutritional
1117,Vitamin D2 1000 IU,Ergocalciferol,Generic,Multiple,Tablet,₹30-80,₹24-64,OTC,Nutritional
1118,Vitamin D3 1000 IU,Cholecalciferol,Generic,Multiple,Tablet,₹40-100,₹32-80,OTC,Nutritional
1119,Vitamin D3 2000 IU,Bone health,Generic,Multiple,Tablet,₹60-150,₹48-120,OTC,Nutritional
1120,Vitamin D3 5000 IU,Deficiency treatment,Generic,Multiple,Tablet,₹100-250,₹80-200,OTC,Nutritional
1121,Vitamin D3 60000 IU,Weekly supplement,Generic,Multiple,Capsule,₹200-500,₹160-400,Prescription,Nutritional
1122,Vitamin D3 injection 300000 IU,Severe deficiency,Generic,Multiple,Injection,₹300-800,₹240-640,Prescription,Nutritional
1123,Vitamin E 100 IU,Antioxidant,Generic,Multiple,Capsule,₹30-80,₹24-64,OTC,Nutritional
1124,Vitamin E 400 IU,Skin health,Generic,Multiple,Capsule,₹60-150,₹48-120,OTC,Nutritional
1125,Vitamin E 800 IU,High potency antioxidant,Generic,Multiple,Capsule,₹100-250,₹80-200,OTC,Nutritional
1126,Vitamin K1 5mg,Blood clotting,Generic,Multiple,Tablet,₹50-120,₹40-96,Prescription,Nutritional
1127,Vitamin K2 100mcg,Bone health,Generic,Multiple,Tablet,₹150-400,₹120-320,OTC,Nutritional
1128,Multivitamin tablet,General nutrition,Generic,Multiple,Tablet,₹50-150,₹40-120,OTC,Nutritional
1129,Multivitamin + Minerals,Complete nutrition,Generic,Multiple,Tablet,₹80-200,₹64-160,OTC,Nutritional
1130,Women's multivitamin,Female specific,Generic,Multiple,Tablet,₹100-250,₹80-200,OTC,Nutritional
1131,Men's multivitamin,Male specific,Generic,Multiple,Tablet,₹100-250,₹80-200,OTC,Nutritional
1132,Senior multivitamin,50+ nutrition,Generic,Multiple,Tablet,₹120-300,₹96-240,OTC,Nutritional
1133,Prenatal multivitamin,Pregnancy nutrition,Generic,Multiple,Tablet,₹150-400,₹120-320,OTC,Nutritional
1134,Teen multivitamin,Adolescent nutrition,Generic,Multiple,Tablet,₹80-200,₹64-160,OTC,Nutritional
1135,Kids multivitamin,Children's nutrition,Generic,Multiple,Chewable,₹60-150,₹48-120,OTC,Nutritional
1136,Calcium 500mg,Bone health,Generic,Multiple,Tablet,₹20-50,₹16-40,OTC,Nutritional
1137,Calcium 1000mg,Osteoporosis prevention,Generic,Multiple,Tablet,₹40-100,₹32-80,OTC,Nutritional
1138,Calcium + Vitamin D3,Bone density,Generic,Multiple,Tablet,₹30-80,₹24-64,OTC,Nutritional
1139,Calcium + Magnesium,Bone and muscle,Generic,Multiple,Tablet,₹50-120,₹40-96,OTC,Nutritional
1140,Calcium citrate 500mg,Better absorption,Generic,Multiple,Tablet,₹60-150,₹48-120,OTC,Nutritional
1141,Calcium lactate 300mg,Gentle calcium,Generic,Multiple,Tablet,₹25-60,₹20-48,OTC,Nutritional
1142,Magnesium 400mg,Muscle health,Generic,Multiple,Tablet,₹40-100,₹32-80,OTC,Nutritional
1143,Magnesium glycinate 200mg,Better absorption,Generic,Multiple,Tablet,₹80-200,₹64-160,OTC,Nutritional
1144,Magnesium oxide 400mg,"Constipation, Supplements",Generic,Multiple,Tablet,₹30-80,₹24-64,OTC,Nutritional
1145,Iron 18mg,Iron deficiency,Generic,Multiple,Tablet,₹15-40,₹12-32,OTC,Nutritional
1146,Iron 65mg,Severe anemia,Generic,Multiple,Tablet,₹25-60,₹20-48,OTC,Nutritional
1147,Iron bisglycinate 25mg,Gentle iron,Generic,Multiple,Tablet,₹50-120,₹40-96,OTC,Nutritional
1148,Iron + Vitamin C,Enhanced absorption,Generic,Multiple,Tablet,₹30-80,₹24-64,OTC,Nutritional
1149,Iron + Folic acid,Anemia prevention,Generic,Multiple,Tablet,₹10-25,₹8-20,OTC,Nutritional
1150,Zinc 15mg,Immunity support,Generic,Multiple,Tablet,₹20-50,₹16-40,OTC,Nutritional
1151,Zinc 50mg,Wound healing,Generic,Multiple,Tablet,₹40-100,₹32-80,OTC,Nutritional
1152,Zinc picolinate 30mg,Better absorption,Generic,Multiple,Tablet,₹60-150,₹48-120,OTC,Nutritional
1153,Selenium 200mcg,Antioxidant,Generic,Multiple,Tablet,₹80-200,₹64-160,OTC,Nutritional
1154,Chromium 200mcg,Glucose metabolism,Generic,Multiple,Tablet,₹60-150,₹48-120,OTC,Nutritional
1155,Copper 2mg,Iron absorption,Generic,Multiple,Tablet,₹40-100,₹32-80,OTC,Nutritional
1156,Manganese 5mg,Bone development,Generic,Multiple,Tablet,₹50-120,₹40-96,OTC,Nutritional
1157,Iodine 150mcg,Thyroid function,Generic,Multiple,Tablet,₹30-80,₹24-64,OTC,Nutritional
1158,Molybdenum 150mcg,Enzyme function,Generic,Multiple,Tablet,₹60-150,₹48-120,OTC,Nutritional
1159,Omega-3 1000mg,Heart health,Generic,Multiple,Capsule,₹150-400,₹120-320,OTC,Nutritional
1160,Fish oil 1000mg,EPA + DHA,Generic,Multiple,Capsule,₹100-250,₹80-200,OTC,Nutritional
1161,Cod liver oil,Vitamins A & D,Generic,Multiple,Capsule,₹80-200,₹64-160,OTC,Nutritional
1162,Flax seed oil 1000mg,Plant omega-3,Generic,Multiple,Capsule,₹120-300,₹96-240,OTC,Nutritional
1163,Evening primrose oil,Gamma-linolenic acid,Generic,Multiple,Capsule,₹200-500,₹160-400,OTC,Nutritional
1164,Borage oil 1000mg,GLA supplement,Generic,Multiple,Capsule,₹250-600,₹200-480,OTC,Nutritional
1165,Coenzyme Q10 100mg,Heart health,Generic,Multiple,Capsule,₹300-800,₹240-640,OTC,Nutritional
1166,Coenzyme Q10 200mg,High potency,Generic,Multiple,Capsule,₹500-1200,₹400-960,OTC,Nutritional
1167,Alpha lipoic acid 100mg,Antioxidant,Generic,Multiple,Capsule,₹150-400,₹120-320,OTC,Nutritional
1168,Alpha lipoic acid 300mg,Diabetic neuropathy,Generic,Multiple,Capsule,₹300-800,₹240-640,OTC,Nutritional
1169,Glucosamine 500mg,Joint health,Generic,Multiple,Tablet,₹100-250,₹80-200,OTC,Nutritional
1170,Glucosamine 1000mg,Arthritis support,Generic,Multiple,Tablet,₹150-400,₹120-320,OTC,Nutritional
1171,Chondroitin 400mg,Cartilage support,Generic,Multiple,Capsule,₹200-500,₹160-400,OTC,Nutritional
1172,Glucosamine + Chondroitin,Joint support,Generic,Multiple,Tablet,₹250-600,₹200-480,OTC,Nutritional
1173,MSM 1000mg,Joint inflammation,Generic,Multiple,Tablet,₹150-400,₹120-320,OTC,Nutritional
1174,Turmeric 500mg,Anti-inflammatory,Generic,Multiple,Capsule,₹80-200,₹64-160,OTC,Nutritional
1175,Curcumin 500mg,Pure turmeric extract,Generic,Multiple,Capsule,₹150-400,₹120-320,OTC,Nutritional
1176,Ginkgo biloba 120mg,Memory support,Generic,Multiple,Tablet,₹150-400,₹120-320,OTC,Nutritional
1177,Ginseng 500mg,Energy support,Generic,Multiple,Capsule,₹200-500,₹160-400,OTC,Nutritional
1178,Ashwagandha 300mg,Stress support,Generic,Multiple,Capsule,₹100-250,₹80-200,OTC,Nutritional
1179,Brahmi 250mg,Brain tonic,Generic,Multiple,Capsule,₹80-200,₹64-160,OTC,Nutritional
1180,Green tea extract 500mg,Antioxidant,Generic,Multiple,Capsule,₹120-300,₹96-240,OTC,Nutritional
1181,Grape seed extract 100mg,Antioxidant,Generic,Multiple,Capsule,₹150-400,₹120-320,OTC,Nutritional
1182,Resveratrol 100mg,Anti-aging,Generic,Multiple,Capsule,₹200-500,₹160-400,OTC,Nutritional
1183,Lycopene 10mg,Prostate health,Generic,Multiple,Capsule,₹100-250,₹80-200,OTC,Nutritional
1184,Spirulina 500mg,Superfood supplement,Generic,Multiple,Tablet,₹150-400,₹120-320,OTC,Nutritional
1185,Chlorella 500mg,Detox supplement,Generic,Multiple,Tablet,₹200-500,₹160-400,OTC,Nutritional
1186,Whey protein isolate,Muscle building,Generic,Multiple,Powder,₹1500-4000,₹1200-3200,OTC,Nutritional
1187,Casein protein,Slow release protein,Generic,Multiple,Powder,₹1200-3000,₹960-2400,OTC,Nutritional
1188,Plant protein powder,Vegan protein,Generic,Multiple,Powder,₹1000-2500,₹800-2000,OTC,Nutritional
1189,BCAA 2:1:1,Muscle recovery,Generic,Multiple,Capsule,₹800-2000,₹640-1600,OTC,Nutritional
1190,Creatine monohydrate,Athletic performance,Generic,Multiple,Powder,₹600-1500,₹480-1200,OTC,Nutritional
1191,L-Glutamine 500mg,Muscle recovery,Generic,Multiple,Capsule,₹200-500,₹160-400,OTC,Nutritional
1192,L-Arginine 500mg,Nitric oxide support,Generic,Multiple,Capsule,₹150-400,₹120-320,OTC,Nutritional
1193,Melatonin 3mg,Sleep support,Generic,Multiple,Tablet,₹200-500,₹160-400,OTC,Nutritional
1194,Melatonin 5mg,Insomnia,Generic,Multiple,Tablet,₹300-800,₹240-640,OTC,Nutritional
1195,5-HTP 100mg,Mood support,Generic,Multiple,Capsule,₹400-1000,₹320-800,OTC,Nutritional
1196,St John's Wort 300mg,Mild depression,Generic,Multiple,Capsule,₹150-400,₹120-320,OTC,Nutritional
1197,Valerian root 500mg,Natural sedative,Generic,Multiple,Capsule,₹100-250,₹80-200,OTC,Nutritional
1198,Passionflower extract,Anxiety relief,Generic,Multiple,Capsule,₹120-300,₹96-240,OTC,Nutritional
1199,GABA 500mg,Relaxation,Generic,Multiple,Capsule,₹200-500,₹160-400,OTC,Nutritional
1200,L-Theanine 100mg,Calm focus,Generic,Multiple,Capsule,₹150-400,₹120-320,OTC,Nutritional
1201,Rhodiola rosea 300mg,Stress adaptation,Generic,Multiple,Capsule,₹200-500,₹160-400,OTC,Nutritional
1202,Saw palmetto 320mg,Prostate health,Generic,Multiple,Capsule,₹150-400,₹120-320,OTC,Nutritional
1203,Cranberry 500mg,Urinary health,Generic,Multiple,Capsule,₹100-250,₹80-200,OTC,Nutritional
1204,Milk thistle 150mg,Liver support,Generic,Multiple,Capsule,₹120-300,₹96-240,OTC,Nutritional
1205,Dandelion root 500mg,Liver detox,Generic,Multiple,Capsule,₹100-250,₹80-200,OTC,Nutritional
1206,Diclofenac 50mg,"Joint pain, Arthritis",Generic,Multiple,Tablet,₹15-40,₹12-32,Prescription,Orthopedics
1207,Diclofenac 75mg,Severe joint pain,Generic,Multiple,Tablet,₹25-60,₹20-48,Prescription,Orthopedics
1208,Diclofenac 100mg,Acute musculoskeletal pain,Generic,Multiple,Tablet,₹30-80,₹24-64,Prescription,Orthopedics
1209,Diclofenac gel 1%,Topical joint pain,Generic,Multiple,Gel,₹40-100,₹32-80,Prescription,Orthopedics
1210,Diclofenac injection 75mg,Severe acute pain,Generic,Multiple,Injection,₹25-60,₹20-48,Prescription,Orthopedics
1211,Aceclofenac 100mg,"Arthritis, Joint pain",Generic,Multiple,Tablet,₹20-50,₹16-40,Prescription,Orthopedics
1212,Aceclofenac 200mg,Severe arthritis,Generic,Multiple,Tablet,₹35-80,₹28-64,Prescription,Orthopedics
1213,Aceclofenac + Paracetamol,Pain and fever,Generic,Multiple,Tablet,₹25-60,₹20-48,Prescription,Orthopedics
1214,Aceclofenac + Serratiopeptidase,Pain with swelling,Generic,Multiple,Tablet,₹30-80,₹24-64,Prescription,Orthopedics
1215,Nimesulide 100mg,Acute pain,Generic,Multiple,Tablet,₹15-40,₹12-32,Prescription,Orthopedics
1216,Nimesulide gel,Topical anti-inflammatory,Generic,Multiple,Gel,₹50-120,₹40-96,Prescription,Orthopedics
1217,Etoricoxib 60mg,Osteoarthritis,Generic,Multiple,Tablet,₹30-80,₹24-64,Prescription,Orthopedics
1218,Etoricoxib 90mg,Rheumatoid arthritis,Generic,Multiple,Tablet,₹40-100,₹32-80,Prescription,Orthopedics
1219,Etoricoxib 120mg,Acute gout,Generic,Multiple,Tablet,₹50-120,₹40-96,Prescription,Orthopedics
1220,Celecoxib 100mg,Arthritis pain,Generic,Multiple,Capsule,₹40-100,₹32-80,Prescription,Orthopedics
1221,Celecoxib 200mg,Chronic arthritis,Generic,Multiple,Capsule,₹60-150,₹48-120,Prescription,Orthopedics
1222,Naproxen 250mg,Musculoskeletal pain,Generic,Multiple,Tablet,₹20-50,₹16-40,Prescription,Orthopedics
1223,Naproxen 500mg,Severe joint pain,Generic,Multiple,Tablet,₹30-80,₹24-64,Prescription,Orthopedics
1224,Indomethacin 25mg,Inflammatory arthritis,Generic,Multiple,Capsule,₹25-60,₹20-48,Prescription,Orthopedics
1225,Indomethacin 50mg,Severe inflammation,Generic,Multiple,Capsule,₹40-100,₹32-80,Prescription,Orthopedics
1226,Piroxicam 10mg,Arthritis,Generic,Multiple,Tablet,₹20-50,₹16-40,Prescription,Orthopedics
1227,Piroxicam 20mg,Chronic arthritis,Generic,Multiple,Tablet,₹30-80,₹24-64,Prescription,Orthopedics
1228,Piroxicam gel,Topical arthritis,Generic,Multiple,Gel,₹60-150,₹48-120,Prescription,Orthopedics
1229,Tenoxicam 20mg,Joint inflammation,Generic,Multiple,Tablet,₹40-100,₹32-80,Prescription,Orthopedics
1230,Meloxicam 7.5mg,Mild arthritis,Generic,Multiple,Tablet,₹25-60,₹20-48,Prescription,Orthopedics
1231,Meloxicam 15mg,Severe arthritis,Generic,Multiple,Tablet,₹40-100,₹32-80,Prescription,Orthopedics
1232,Lornoxicam 4mg,Acute pain,Generic,Multiple,Tablet,₹30-80,₹24-64,Prescription,Orthopedics
1233,Lornoxicam 8mg,Chronic pain,Generic,Multiple,Tablet,₹50-120,₹40-96,Prescription,Orthopedics
1234,Parecoxib injection,Post-operative pain,Generic,Multiple,Injection,₹200-500,₹160-400,Prescription,Orthopedics
1235,Valdecoxib 10mg,Osteoarthritis,Generic,Multiple,Tablet,₹60-150,₹48-120,Prescription,Orthopedics
1236,Thiocolchicoside 4mg,Muscle relaxant,Generic,Multiple,Tablet,₹30-80,₹24-64,Prescription,Orthopedics
1237,Thiocolchicoside 8mg,Muscle spasm,Generic,Multiple,Tablet,₹40-100,₹32-80,Prescription,Orthopedics
1238,Thiocolchicoside injection,Severe muscle spasm,Generic,Multiple,Injection,₹50-150,₹40-120,Prescription,Orthopedics
1239,Chlorzoxazone 250mg,Muscle relaxant,Generic,Multiple,Tablet,₹15-40,₹12-32,Prescription,Orthopedics
1240,Chlorzoxazone 500mg,Severe muscle tension,Generic,Multiple,Tablet,₹25-60,₹20-48,Prescription,Orthopedics
1241,Tizanidine 2mg,Muscle spasticity,Generic,Multiple,Tablet,₹30-80,₹24-64,Prescription,Orthopedics
1242,Tizanidine 4mg,Severe spasticity,Generic,Multiple,Tablet,₹50-120,₹40-96,Prescription,Orthopedics
1243,Cyclobenzaprine 10mg,Muscle spasm,Generic,Multiple,Tablet,₹40-100,₹32-80,Prescription,Orthopedics
1244,Cyclobenzaprine 15mg,Severe muscle spasm,Generic,Multiple,Tablet,₹60-150,₹48-120,Prescription,Orthopedics
1245,Baclofen 10mg,Muscle spasticity,Generic,Multiple,Tablet,₹25-60,₹20-48,Prescription,Orthopedics
1246,Baclofen 20mg,Severe spasticity,Generic,Multiple,Tablet,₹40-100,₹32-80,Prescription,Orthopedics
1247,Dantrolene 25mg,Malignant hyperthermia,Generic,Multiple,Capsule,₹100-250,₹80-200,Prescription,Orthopedics
1248,Tolperisone 150mg,Muscle tone disorders,Generic,Multiple,Tablet,₹80-200,₹64-160,Prescription,Orthopedics
1249,Eperisone 50mg,Muscle relaxant,Generic,Multiple,Tablet,₹30-80,₹24-64,Prescription,Orthopedics
1250,Eperisone 150mg,Severe muscle tension,Generic,Multiple,Tablet,₹80-200,₹64-160,Prescription,Orthopedics
1251,Serratiopeptidase 10mg,Anti-inflammatory enzyme,Generic,Multiple,Tablet,₹25-60,₹20-48,Prescription,Orthopedics
1252,Serratiopeptidase 20mg,Severe inflammation,Generic,Multiple,Tablet,₹40-100,₹32-80,Prescription,Orthopedics
1253,Trypsin + Chymotrypsin,Proteolytic enzyme,Generic,Multiple,Tablet,₹30-80,₹24-64,Prescription,Orthopedics
1254,Bromelain 40mg,Natural anti-inflammatory,Generic,Multiple,Tablet,₹50-120,₹40-96,OTC,Orthopedics
1255,Hyaluronidase injection,Joint lubrication,Generic,Multiple,Injection,₹300-800,₹240-640,Prescription,Orthopedics
1256,Hyaluronic acid injection,Osteoarthritis knee,Generic,Multiple,Injection,₹2000-5000,₹1600-4000,Prescription,Orthopedics
1257,Sodium hyaluronate gel,Joint lubrication,Generic,Multiple,Injection,₹1500-4000,₹1200-3200,Prescription,Orthopedics
1258,Glucosamine 750mg,Joint health,Generic,Multiple,Tablet,₹100-250,₹80-200,OTC,Orthopedics
1259,Glucosamine 1000mg,Cartilage support,Generic,Multiple,Tablet,₹150-400,₹120-320,OTC,Orthopedics
1260,Chondroitin sulfate 200mg,Cartilage health,Generic,Multiple,Tablet,₹150-400,₹120-320,OTC,Orthopedics
1261,Chondroitin sulfate 400mg,Joint support,Generic,Multiple,Tablet,₹250-600,₹200-480,OTC,Orthopedics
1262,Glucosamine + Chondroitin,Complete joint support,Generic,Multiple,Tablet,₹300-800,₹240-640,OTC,Orthopedics
1263,MSM 500mg,Joint inflammation,Generic,Multiple,Tablet,₹100-250,₹80-200,OTC,Orthopedics
1264,MSM 1000mg,Anti-inflammatory,Generic,Multiple,Tablet,₹200-500,₹160-400,OTC,Orthopedics
1265,Collagen Type II,Cartilage regeneration,Generic,Multiple,Capsule,₹400-1000,₹320-800,OTC,Orthopedics
1266,Boswellia extract 250mg,Anti-inflammatory,Generic,Multiple,Capsule,₹150-400,₹120-320,OTC,Orthopedics
1267,Turmeric extract 500mg,Natural anti-inflammatory,Generic,Multiple,Capsule,₹100-250,₹80-200,OTC,Orthopedics
1268,Curcumin 500mg,Potent anti-inflammatory,Generic,Multiple,Capsule,₹200-500,₹160-400,OTC,Orthopedics
1269,Ginger extract 250mg,Natural pain relief,Generic,Multiple,Capsule,₹80-200,₹64-160,OTC,Orthopedics
1270,Willow bark extract,Natural aspirin,Generic,Multiple,Capsule,₹150-400,₹120-320,OTC,Orthopedics
1271,Capsaicin cream 0.025%,Topical pain relief,Generic,Multiple,Cream,₹100-250,₹80-200,OTC,Orthopedics
1272,Capsaicin cream 0.075%,Neuropathic pain,Generic,Multiple,Cream,₹150-400,₹120-320,OTC,Orthopedics
1273,Menthol gel 3%,Cooling pain relief,Generic,Multiple,Gel,₹50-120,₹40-96,OTC,Orthopedics
1274,Camphor + Menthol gel,Topical analgesic,Generic,Multiple,Gel,₹40-100,₹32-80,OTC,Orthopedics
1275,Methyl salicylate gel,Muscle pain relief,Generic,Multiple,Gel,₹30-80,₹24-64,OTC,Orthopedics
1276,Turpentine oil liniment,Muscle rub,Generic,Multiple,Liniment,₹25-60,₹20-48,OTC,Orthopedics
1277,Alendronate 10mg,Osteoporosis,Generic,Multiple,Tablet,₹100-250,₹80-200,Prescription,Orthopedics
1278,Alendronate 70mg,Weekly osteoporosis,Generic,Multiple,Tablet,₹200-500,₹160-400,Prescription,Orthopedics
1279,Risedronate 5mg,Osteoporosis,Generic,Multiple,Tablet,₹150-400,₹120-320,Prescription,Orthopedics
1280,Risedronate 35mg,Weekly osteoporosis,Generic,Multiple,Tablet,₹300-800,₹240-640,Prescription,Orthopedics
1281,Ibandronate 2.5mg,Osteoporosis,Generic,Multiple,Tablet,₹200-500,₹160-400,Prescription,Orthopedics
1282,Ibandronate 150mg,Monthly osteoporosis,Generic,Multiple,Tablet,₹500-1200,₹400-960,Prescription,Orthopedics
1283,Zoledronic acid 4mg,Severe osteoporosis,Generic,Multiple,Injection,₹2000-5000,₹1600-4000,Prescription,Orthopedics
1284,Pamidronate 30mg,Paget's disease,Generic,Multiple,Injection,₹500-1200,₹400-960,Prescription,Orthopedics
1285,Calcitonin injection 100 IU,Osteoporosis,Generic,Multiple,Injection,₹300-800,₹240-640,Prescription,Orthopedics
1286,Calcitonin nasal spray,Osteoporosis,Generic,Multiple,Spray,₹800-2000,₹640-1600,Prescription,Orthopedics
1287,Teriparatide injection,Severe osteoporosis,Generic,Multiple,Injection,₹3000-8000,₹2400-6400,Prescription,Orthopedics
1288,Denosumab injection 60mg,Osteoporosis,Generic,Multiple,Injection,₹8000-20000,₹6400-16000,Prescription,Orthopedics
1289,Raloxifene 60mg,Postmenopausal osteoporosis,Generic,Multiple,Tablet,₹200-500,₹160-400,Prescription,Orthopedics
1290,Strontium ranelate,Osteoporosis,Generic,Multiple,Granules,₹500-1200,₹400-960,Prescription,Orthopedics
1291,Calcium carbonate 500mg,Bone health,Generic,Multiple,Tablet,₹20-50,₹16-40,OTC,Orthopedics
1292,Calcium carbonate 1250mg,High dose calcium,Generic,Multiple,Tablet,₹30-80,₹24-64,OTC,Orthopedics
1293,Calcium citrate 500mg,Better absorption,Generic,Multiple,Tablet,₹60-150,₹48-120,OTC,Orthopedics
1294,Calcium + Vitamin D3,Bone density,Generic,Multiple,Tablet,₹25-60,₹20-48,OTC,Orthopedics
1295,Calcium + Magnesium + Zinc,Bone complex,Generic,Multiple,Tablet,₹50-120,₹40-96,OTC,Orthopedics
1296,Calcitriol 0.25mcg,Calcium regulation,Generic,Multiple,Capsule,₹100-250,₹80-200,Prescription,Orthopedics
1297,Calcitriol 0.5mcg,Severe calcium deficiency,Generic,Multiple,Capsule,₹150-400,₹120-320,Prescription,Orthopedics
1298,Alfacalcidol 0.25mcg,Vitamin D analog,Generic,Multiple,Capsule,₹80-200,₹64-160,Prescription,Orthopedics
1299,Alfacalcidol 1mcg,High dose vitamin D,Generic,Multiple,Capsule,₹150-400,₹120-320,Prescription,Orthopedics
1300,Vitamin D3 1000 IU,Bone health,Generic,Multiple,Tablet,₹30-80,₹24-64,OTC,Orthopedics
1301,Vitamin D3 2000 IU,Deficiency treatment,Generic,Multiple,Tablet,₹50-120,₹40-96,OTC,Orthopedics
1302,Vitamin D3 5000 IU,High dose treatment,Generic,Multiple,Tablet,₹100-250,₹80-200,OTC,Orthopedics
1303,Vitamin D3 60000 IU,Weekly supplement,Generic,Multiple,Capsule,₹150-400,₹120-320,Prescription,Orthopedics
1304,Magnesium 400mg,Bone mineralization,Generic,Multiple,Tablet,₹40-100,₹32-80,OTC,Orthopedics
1305,Magnesium glycinate 200mg,Better absorption,Generic,Multiple,Tablet,₹80-200,₹64-160,OTC,Orthopedics
1306,Boron 3mg,Bone metabolism,Generic,Multiple,Tablet,₹50-120,₹40-96,OTC,Orthopedics
1307,Silicon 10mg,Bone formation,Generic,Multiple,Tablet,₹100-250,₹80-200,OTC,Orthopedics
1308,Vitamin K2 100mcg,Bone mineralization,Generic,Multiple,Tablet,₹200-500,₹160-400,OTC,Orthopedics
1309,Strontium citrate 340mg,Bone density,Generic,Multiple,Capsule,₹300-800,₹240-640,OTC,Orthopedics
1310,Ipriflavone 200mg,Bone metabolism,Generic,Multiple,Tablet,₹150-400,₹120-320,OTC,Orthopedics
1311,Red clover extract,Isoflavones for bones,Generic,Multiple,Capsule,₹200-500,₹160-400,OTC,Orthopedics
1312,Horsetail extract,Natural silicon,Generic,Multiple,Capsule,₹100-250,₹80-200,OTC,Orthopedics
1313,Platelet-rich plasma kit,Regenerative therapy,Generic,Multiple,Kit,₹5000-15000,₹4000-12000,Prescription,Orthopedics
1314,Stem cell therapy kit,Regenerative medicine,Generic,Multiple,Kit,₹50000-150000,₹40000-120000,Prescription,Orthopedics
1315,Bone morphogenic protein,Bone healing,Generic,Multiple,Injection,₹10000-30000,₹8000-24000,Prescription,Orthopedics
1316,Growth factors injection,Tissue repair,Generic,Multiple,Injection,₹8000-20000,₹6400-16000,Prescription,Orthopedics
1317,Tamsulosin 0.2mg,BPH,Generic,Multiple,Capsule,₹80-200,₹64-160,Prescription,Urology
1318,Tamsulosin 0.4mg,Enlarged prostate,Generic,Multiple,Capsule,₹120-300,₹96-240,Prescription,Urology
1319,Alfuzosin 2.5mg,BPH,Generic,Multiple,Tablet,₹60-150,₹48-120,Prescription,Urology
1320,Alfuzosin 10mg,Severe BPH,Generic,Multiple,Tablet,₹150-400,₹120-320,Prescription,Urology
1321,Doxazosin 1mg,"BPH, Hypertension",Generic,Multiple,Tablet,₹30-80,₹24-64,Prescription,Urology
1322,Doxazosin 2mg,BPH,Generic,Multiple,Tablet,₹50-120,₹40-96,Prescription,Urology
1323,Doxazosin 4mg,Severe BPH,Generic,Multiple,Tablet,₹80-200,₹64-160,Prescription,Urology
1324,Terazosin 1mg,BPH,Generic,Multiple,Tablet,₹40-100,₹32-80,Prescription,Urology
1325,Terazosin 2mg,BPH,Generic,Multiple,Tablet,₹60-150,₹48-120,Prescription,Urology
1326,Terazosin 5mg,Severe BPH,Generic,Multiple,Tablet,₹100-250,₹80-200,Prescription,Urology
1327,Silodosin 4mg,BPH,Generic,Multiple,Capsule,₹150-400,₹120-320,Prescription,Urology
1328,Silodosin 8mg,Severe BPH,Generic,Multiple,Capsule,₹250-600,₹200-480,Prescription,Urology
1329,Finasteride 1mg,Male pattern baldness,Generic,Multiple,Tablet,₹100-250,₹80-200,Prescription,Urology
1330,Finasteride 5mg,BPH,Generic,Multiple,Tablet,₹150-400,₹120-320,Prescription,Urology
1331,Dutasteride 0.5mg,BPH,Generic,Multiple,Capsule,₹200-500,₹160-400,Prescription,Urology
1332,Dutasteride + Tamsulosin,Combination BPH therapy,Generic,Multiple,Capsule,₹300-800,₹240-640,Prescription,Urology
1333,Saw palmetto 320mg,Natural BPH treatment,Generic,Multiple,Capsule,₹200-500,₹160-400,OTC,Urology
1334,Pygeum extract 100mg,Prostate health,Generic,Multiple,Capsule,₹150-400,₹120-320,OTC,Urology
1335,Beta sitosterol 20mg,Prostate support,Generic,Multiple,Tablet,₹100-250,₹80-200,OTC,Urology
1336,Lycopene 10mg,Prostate antioxidant,Generic,Multiple,Capsule,₹100-250,₹80-200,OTC,Urology
1337,Zinc 15mg,Prostate health,Generic,Multiple,Tablet,₹30-80,₹24-64,OTC,Urology
1338,Selenium 200mcg,Prostate protection,Generic,Multiple,Tablet,₹80-200,₹64-160,OTC,Urology
1339,Tolterodine 1mg,Overactive bladder,Generic,Multiple,Tablet,₹100-250,₹80-200,Prescription,Urology
1340,Tolterodine 2mg,Urinary incontinence,Generic,Multiple,Tablet,₹150-400,₹120-320,Prescription,Urology
1341,Tolterodine ER 4mg,Extended release OAB,Generic,Multiple,Capsule,₹200-500,₹160-400,Prescription,Urology
1342,Solifenacin 5mg,Overactive bladder,Generic,Multiple,Tablet,₹150-400,₹120-320,Prescription,Urology
1343,Solifenacin 10mg,Severe OAB,Generic,Multiple,Tablet,₹250-600,₹200-480,Prescription,Urology
1344,Oxybutynin 2.5mg,Bladder spasms,Generic,Multiple,Tablet,₹50-120,₹40-96,Prescription,Urology
1345,Oxybutynin 5mg,Urinary urgency,Generic,Multiple,Tablet,₹80-200,₹64-160,Prescription,Urology
1346,Oxybutynin ER 10mg,Extended release,Generic,Multiple,Tablet,₹150-400,₹120-320,Prescription,Urology
1347,Trospium 20mg,Overactive bladder,Generic,Multiple,Tablet,₹100-250,₹80-200,Prescription,Urology
1348,Trospium ER 60mg,Extended release OAB,Generic,Multiple,Capsule,₹200-500,₹160-400,Prescription,Urology
1349,Fesoterodine 4mg,Overactive bladder,Generic,Multiple,Tablet,₹200-500,₹160-400,Prescription,Urology
1350,Fesoterodine 8mg,Severe OAB,Generic,Multiple,Tablet,₹300-800,₹240-640,Prescription,Urology
1351,Mirabegron 25mg,Overactive bladder,Generic,Multiple,Tablet,₹200-500,₹160-400,Prescription,Urology
1352,Mirabegron 50mg,OAB alternative,Generic,Multiple,Tablet,₹300-800,₹240-640,Prescription,Urology
1353,Darifenacin 7.5mg,Overactive bladder,Generic,Multiple,Tablet,₹150-400,₹120-320,Prescription,Urology
1354,Darifenacin 15mg,Severe OAB,Generic,Multiple,Tablet,₹250-600,₹200-480,Prescription,Urology
1355,Flavoxate 200mg,Bladder spasms,Generic,Multiple,Tablet,₹50-120,₹40-96,Prescription,Urology
1356,Propiverine 15mg,Urinary incontinence,Generic,Multiple,Tablet,₹100-250,₹80-200,Prescription,Urology
1357,Sildenafil 25mg,Erectile dysfunction,Generic,Multiple,Tablet,₹100-250,₹80-200,Prescription,Urology
1358,Sildenafil 50mg,ED,Generic,Multiple,Tablet,₹150-400,₹120-320,Prescription,Urology
1359,Sildenafil 100mg,Severe ED,Generic,Multiple,Tablet,₹200-500,₹160-400,Prescription,Urology
1360,Tadalafil 5mg,"ED, BPH",Generic,Multiple,Tablet,₹150-400,₹120-320,Prescription,Urology
1361,Tadalafil 10mg,Erectile dysfunction,Generic,Multiple,Tablet,₹200-500,₹160-400,Prescription,Urology
1362,Tadalafil 20mg,ED,Generic,Multiple,Tablet,₹300-800,₹240-640,Prescription,Urology
1363,Vardenafil 10mg,Erectile dysfunction,Generic,Multiple,Tablet,₹250-600,₹200-480,Prescription,Urology
1364,Vardenafil 20mg,ED,Generic,Multiple,Tablet,₹400-1000,₹320-800,Prescription,Urology
1365,Avanafil 50mg,Erectile dysfunction,Generic,Multiple,Tablet,₹300-800,₹240-640,Prescription,Urology
1366,Avanafil 100mg,ED,Generic,Multiple,Tablet,₹500-1200,₹400-960,Prescription,Urology
1367,Alprostadil injection,Severe ED,Generic,Multiple,Injection,₹1000-2500,₹800-2000,Prescription,Urology
1368,Alprostadil pellet,Urethral ED treatment,Generic,Multiple,Pellet,₹800-2000,₹640-1600,Prescription,Urology
1369,Testosterone gel 1%,Low testosterone,Generic,Multiple,Gel,₹800-2000,₹640-1600,Prescription,Urology
1370,Testosterone cypionate,Hypogonadism,Generic,Multiple,Injection,₹500-1200,₹400-960,Prescription,Urology
1371,Testosterone enanthate,Low T treatment,Generic,Multiple,Injection,₹400-1000,₹320-800,Prescription,Urology
1372,Clomiphene citrate 50mg,Male infertility,Generic,Multiple,Tablet,₹100-250,₹80-200,Prescription,Urology
1373,HCG injection 5000 IU,Male fertility,Generic,Multiple,Injection,₹300-800,₹240-640,Prescription,Urology
1374,FSH injection 75 IU,Male infertility,Generic,Multiple,Injection,₹800-2000,₹640-1600,Prescription,Urology
1375,L-Carnitine 500mg,Sperm motility,Generic,Multiple,Tablet,₹150-400,₹120-320,OTC,Urology
1376,Coenzyme Q10 100mg,Sperm quality,Generic,Multiple,Capsule,₹300-800,₹240-640,OTC,Urology
1377,Folic acid + Zinc,Male fertility,Generic,Multiple,Tablet,₹50-120,₹40-96,OTC,Urology
1378,Antioxidant complex,Sperm protection,Generic,Multiple,Capsule,₹200-500,₹160-400,OTC,Urology
1379,Cranberry extract 500mg,UTI prevention,Generic,Multiple,Capsule,₹150-400,₹120-320,OTC,Urology
1380,D-Mannose powder,UTI prevention,Generic,Multiple,Powder,₹300-800,₹240-640,OTC,Urology
1381,Methotrexate 2.5mg,Acute lymphoblastic leukemia,Generic,Multiple,Tablet,₹50-150,₹40-120,Prescription,Oncology
1382,Methotrexate 10mg,Breast cancer,Generic,Multiple,Tablet,₹100-250,₹80-200,Prescription,Oncology
1383,Methotrexate 25mg,Osteosarcoma,Generic,Multiple,Tablet,₹200-500,₹160-400,Prescription,Oncology
1384,Methotrexate injection 50mg,High-dose MTX,Generic,Multiple,Injection,₹300-800,₹240-640,Prescription,Oncology
1385,Methotrexate injection 1000mg,CNS lymphoma,Generic,Multiple,Injection,₹2000-5000,₹1600-4000,Prescription,Oncology
1386,Fluorouracil 250mg,Colorectal cancer,Generic,Multiple,Injection,₹150-400,₹120-320,Prescription,Oncology
1387,Fluorouracil 500mg,Breast cancer,Generic,Multiple,Injection,₹300-800,₹240-640,Prescription,Oncology
1388,Capecitabine 150mg,Colorectal cancer,Generic,Multiple,Tablet,₹200-500,₹160-400,Prescription,Oncology
1389,Capecitabine 500mg,Breast cancer,Generic,Multiple,Tablet,₹500-1200,₹400-960,Prescription,Oncology
1390,Gemcitabine 200mg,Pancreatic cancer,Generic,Multiple,Injection,₹800-2000,₹640-1600,Prescription,Oncology
1391,Gemcitabine 1000mg,Non-small cell lung cancer,Generic,Multiple,Injection,₹3000-8000,₹2400-6400,Prescription,Oncology
1392,Cytarabine 100mg,Acute myeloid leukemia,Generic,Multiple,Injection,₹300-800,₹240-640,Prescription,Oncology
1393,Cytarabine 500mg,AML induction,Generic,Multiple,Injection,₹1000-2500,₹800-2000,Prescription,Oncology
1394,Mercaptopurine 50mg,ALL maintenance,Generic,Multiple,Tablet,₹150-400,₹120-320,Prescription,Oncology
1395,Thioguanine 40mg,Acute leukemia,Generic,Multiple,Tablet,₹200-500,₹160-400,Prescription,Oncology
1396,Hydroxyurea 500mg,Chronic myeloid leukemia,Generic,Multiple,Capsule,₹100-250,₹80-200,Prescription,Oncology
1397,Cyclophosphamide 50mg,Breast cancer,Generic,Multiple,Tablet,₹80-200,₹64-160,Prescription,Oncology
1398,Cyclophosphamide 500mg,Lymphoma,Generic,Multiple,Injection,₹300-800,₹240-640,Prescription,Oncology
1399,Cyclophosphamide 1000mg,High-dose chemotherapy,Generic,Multiple,Injection,₹600-1500,₹480-1200,Prescription,Oncology
1400,Ifosfamide 1000mg,Sarcoma,Generic,Multiple,Injection,₹2000-5000,₹1600-4000,Prescription,Oncology
1401,Mesna 400mg,Hemorrhagic cystitis prevention,Generic,Multiple,Injection,₹500-1200,₹400-960,Prescription,Oncology
1402,Chlorambucil 2mg,Chronic lymphocytic leukemia,Generic,Multiple,Tablet,₹200-500,₹160-400,Prescription,Oncology
1403,Chlorambucil 5mg,CLL,Generic,Multiple,Tablet,₹400-1000,₹320-800,Prescription,Oncology
1404,Melphalan 2mg,Multiple myeloma,Generic,Multiple,Tablet,₹300-800,₹240-640,Prescription,Oncology
1405,Melphalan 5mg,MM conditioning,Generic,Multiple,Tablet,₹600-1500,₹480-1200,Prescription,Oncology
1406,Busulfan 2mg,Chronic myeloid leukemia,Generic,Multiple,Tablet,₹500-1200,₹400-960,Prescription,Oncology
1407,Carboplatin 50mg,Ovarian cancer,Generic,Multiple,Injection,₹500-1200,₹400-960,Prescription,Oncology
1408,Carboplatin 150mg,Lung cancer,Generic,Multiple,Injection,₹1000-2500,₹800-2000,Prescription,Oncology
1409,Carboplatin 450mg,High-dose treatment,Generic,Multiple,Injection,₹3000-8000,₹2400-6400,Prescription,Oncology
1410,Cisplatin 10mg,Testicular cancer,Generic,Multiple,Injection,₹200-500,₹160-400,Prescription,Oncology
1411,Cisplatin 50mg,Ovarian cancer,Generic,Multiple,Injection,₹800-2000,₹640-1600,Prescription,Oncology
1412,Oxaliplatin 50mg,Colorectal cancer,Generic,Multiple,Injection,₹2000-5000,₹1600-4000,Prescription,Oncology
1413,Oxaliplatin 100mg,Advanced colorectal,Generic,Multiple,Injection,₹4000-10000,₹3200-8000,Prescription,Oncology
1414,Doxorubicin 10mg,Breast cancer,Generic,Multiple,Injection,₹300-800,₹240-640,Prescription,Oncology
1415,Doxorubicin 50mg,Lymphoma,Generic,Multiple,Injection,₹1000-2500,₹800-2000,Prescription,Oncology
1416,Daunorubicin 20mg,Acute myeloid leukemia,Generic,Multiple,Injection,₹800-2000,₹640-1600,Prescription,Oncology
1417,Epirubicin 10mg,Breast cancer,Generic,Multiple,Injection,₹400-1000,₹320-800,Prescription,Oncology
1418,Epirubicin 50mg,Gastric cancer,Generic,Multiple,Injection,₹1500-4000,₹1200-3200,Prescription,Oncology
1419,Idarubicin 5mg,AML,Generic,Multiple,Injection,₹1000-2500,₹800-2000,Prescription,Oncology
1420,Mitomycin C 2mg,Gastric cancer,Generic,Multiple,Injection,₹500-1200,₹400-960,Prescription,Oncology
1421,Mitomycin C 10mg,Bladder cancer,Generic,Multiple,Injection,₹2000-5000,₹1600-4000,Prescription,Oncology
1422,Bleomycin 15 units,Hodgkin lymphoma,Generic,Multiple,Injection,₹800-2000,₹640-1600,Prescription,Oncology
1423,Actinomycin D 0.5mg,Wilms tumor,Generic,Multiple,Injection,₹1000-2500,₹800-2000,Prescription,Oncology
1424,Vincristine 1mg,ALL,Generic,Multiple,Injection,₹200-500,₹160-400,Prescription,Oncology
1425,Vincristine 2mg,Lymphoma,Generic,Multiple,Injection,₹400-1000,₹320-800,Prescription,Oncology
1426,Vinblastine 10mg,Hodgkin lymphoma,Generic,Multiple,Injection,₹500-1200,₹400-960,Prescription,Oncology
1427,Vinorelbine 10mg,Breast cancer,Generic,Multiple,Injection,₹1000-2500,₹800-2000,Prescription,Oncology
1428,Vinorelbine 50mg,Non-small cell lung cancer,Generic,Multiple,Injection,₹4000-10000,₹3200-8000,Prescription,Oncology
1429,Etoposide 50mg,Small cell lung cancer,Generic,Multiple,Capsule,₹300-800,₹240-640,Prescription,Oncology
1430,Etoposide 100mg,Testicular cancer,Generic,Multiple,Injection,₹800-2000,₹640-1600,Prescription,Oncology
1431,Teniposide 50mg,ALL,Generic,Multiple,Injection,₹2000-5000,₹1600-4000,Prescription,Oncology
1432,Topotecan 1mg,Ovarian cancer,Generic,Multiple,Injection,₹3000-8000,₹2400-6400,Prescription,Oncology
1433,Irinotecan 20mg,Colorectal cancer,Generic,Multiple,Injection,₹1000-2500,₹800-2000,Prescription,Oncology
1434,Irinotecan 100mg,Advanced colorectal,Generic,Multiple,Injection,₹4000-10000,₹3200-8000,Prescription,Oncology
1435,Docetaxel 20mg,Breast cancer,Generic,Multiple,Injection,₹2000-5000,₹1600-4000,Prescription,Oncology
1436,Docetaxel 80mg,Prostate cancer,Generic,Multiple,Injection,₹6000-15000,₹4800-12000,Prescription,Oncology
1437,Paclitaxel 30mg,Ovarian cancer,Generic,Multiple,Injection,₹1500-4000,₹1200-3200,Prescription,Oncology
1438,Paclitaxel 100mg,Breast cancer,Generic,Multiple,Injection,₹4000-10000,₹3200-8000,Prescription,Oncology
1439,Paclitaxel 260mg,High-dose treatment,Generic,Multiple,Injection,₹8000-20000,₹6400-16000,Prescription,Oncology
1440,Temozolomide 20mg,Glioblastoma,Generic,Multiple,Capsule,₹800-2000,₹640-1600,Prescription,Oncology
1441,Temozolomide 100mg,Brain tumor,Generic,Multiple,Capsule,₹3000-8000,₹2400-6400,Prescription,Oncology
1442,Temozolomide 250mg,High-grade glioma,Generic,Multiple,Capsule,₹6000-15000,₹4800-12000,Prescription,Oncology
1443,Dacarbazine 200mg,Melanoma,Generic,Multiple,Injection,₹800-2000,₹640-1600,Prescription,Oncology
1444,Procarbazine 50mg,Hodgkin lymphoma,Generic,Multiple,Capsule,₹300-800,₹240-640,Prescription,Oncology
1445,Lomustine 10mg,Brain tumor,Generic,Multiple,Capsule,₹500-1200,₹400-960,Prescription,Oncology
1446,Lomustine 40mg,High-grade glioma,Generic,Multiple,Capsule,₹1500-4000,₹1200-3200,Prescription,Oncology
1447,Carmustine 100mg,Brain tumor,Generic,Multiple,Injection,₹3000-8000,₹2400-6400,Prescription,Oncology
1448,Tamoxifen 10mg,Breast cancer,Generic,Multiple,Tablet,₹50-150,₹40-120,Prescription,Oncology
1449,Tamoxifen 20mg,ER+ breast cancer,Generic,Multiple,Tablet,₹80-200,₹64-160,Prescription,Oncology
1450,Anastrozole 1mg,Postmenopausal breast cancer,Generic,Multiple,Tablet,₹200-500,₹160-400,Prescription,Oncology
1451,Letrozole 2.5mg,Hormone receptor positive,Generic,Multiple,Tablet,₹150-400,₹120-320,Prescription,Oncology
1452,Exemestane 25mg,Advanced breast cancer,Generic,Multiple,Tablet,₹300-800,₹240-640,Prescription,Oncology
1453,Fulvestrant 250mg,Advanced breast cancer,Generic,Multiple,Injection,₹15000-40000,₹12000-32000,Prescription,Oncology
1454,Bicalutamide 50mg,Prostate cancer,Generic,Multiple,Tablet,₹200-500,₹160-400,Prescription,Oncology
1455,Bicalutamide 150mg,Advanced prostate cancer,Generic,Multiple,Tablet,₹500-1200,₹400-960,Prescription,Oncology
1456,Flutamide 250mg,Prostate cancer,Generic,Multiple,Tablet,₹150-400,₹120-320,Prescription,Oncology
1457,Nilutamide 150mg,Metastatic prostate cancer,Generic,Multiple,Tablet,₹800-2000,₹640-1600,Prescription,Oncology
1458,Leuprolide 3.75mg,Prostate cancer,Generic,Multiple,Injection,₹8000-20000,₹6400-16000,Prescription,Oncology
1459,Leuprolide 11.25mg,Advanced prostate cancer,Generic,Multiple,Injection,₹20000-50000,₹16000-40000,Prescription,Oncology
1460,Goserelin 3.6mg,Breast/prostate cancer,Generic,Multiple,Implant,₹8000-20000,₹6400-16000,Prescription,Oncology
1461,Triptorelin 3.75mg,Prostate cancer,Generic,Multiple,Injection,₹10000-25000,₹8000-20000,Prescription,Oncology
1462,Imatinib 100mg,Chronic myeloid leukemia,Generic,Multiple,Tablet,₹2000-5000,₹1600-4000,Prescription,Oncology
1463,Imatinib 400mg,CML,Generic,Multiple,Tablet,₹6000-15000,₹4800-12000,Prescription,Oncology
1464,Dasatinib 20mg,CML,Generic,Multiple,Tablet,₹3000-8000,₹2400-6400,Prescription,Oncology
1465,Dasatinib 70mg,Philadelphia+ ALL,Generic,Multiple,Tablet,₹8000-20000,₹6400-16000,Prescription,Oncology
1466,Nilotinib 200mg,CML,Generic,Multiple,Capsule,₹5000-12000,₹4000-9600,Prescription,Oncology
1467,Sorafenib 200mg,Hepatocellular carcinoma,Generic,Multiple,Tablet,₹8000-20000,₹6400-16000,Prescription,Oncology
1468,Sunitinib 12.5mg,GIST,Generic,Multiple,Capsule,₹5000-12000,₹4000-9600,Prescription,Oncology
1469,Sunitinib 25mg,Renal cell carcinoma,Generic,Multiple,Capsule,₹8000-20000,₹6400-16000,Prescription,Oncology
1470,Sunitinib 50mg,Advanced RCC,Generic,Multiple,Capsule,₹15000-40000,₹12000-32000,Prescription,Oncology
1471,Regorafenib 40mg,Colorectal cancer,Generic,Multiple,Tablet,₹15000-40000,₹12000-32000,Prescription,Oncology
1472,Lenvatinib 10mg,Thyroid cancer,Generic,Multiple,Capsule,₹10000-25000,₹8000-20000,Prescription,Oncology
1473,Pazopanib 200mg,Renal cell carcinoma,Generic,Multiple,Tablet,₹8000-20000,₹6400-16000,Prescription,Oncology
1474,Rituximab 100mg,Non-Hodgkin lymphoma,Generic,Multiple,Injection,₹8000-20000,₹6400-16000,Prescription,Oncology
1475,Rituximab 500mg,B-cell lymphoma,Generic,Multiple,Injection,₹25000-60000,₹20000-48000,Prescription,Oncology
1476,Trastuzumab 150mg,HER2+ breast cancer,Generic,Multiple,Injection,₹15000-40000,₹12000-32000,Prescription,Oncology
1477,Trastuzumab 440mg,Advanced HER2+ breast,Generic,Multiple,Injection,₹40000-100000,₹32000-80000,Prescription,Oncology
1478,Bevacizumab 100mg,Colorectal cancer,Generic,Multiple,Injection,₹15000-40000,₹12000-32000,Prescription,Oncology
1479,Bevacizumab 400mg,Non-small cell lung,Generic,Multiple,Injection,₹50000-120000,₹40000-96000,Prescription,Oncology
1480,Cetuximab 100mg,Colorectal cancer,Generic,Multiple,Injection,₹20000-50000,₹16000-40000,Prescription,Oncology
1481,Erlotinib 25mg,Pancreatic cancer,Generic,Multiple,Tablet,₹3000-8000,₹2400-6400,Prescription,Oncology
1482,Erlotinib 100mg,NSCLC,Generic,Multiple,Tablet,₹8000-20000,₹6400-16000,Prescription,Oncology
1483,Erlotinib 150mg,Advanced NSCLC,Generic,Multiple,Tablet,₹12000-30000,₹9600-24000,Prescription,Oncology
1484,Gefitinib 250mg,EGFR+ NSCLC,Generic,Multiple,Tablet,₹8000-20000,₹6400-16000,Prescription,Oncology
1485,Lapatinib 250mg,HER2+ breast cancer,Generic,Multiple,Tablet,₹10000-25000,₹8000-20000,Prescription,Oncology
1486,Bortezomib 3.5mg,Multiple myeloma,Generic,Multiple,Injection,₹15000-40000,₹12000-32000,Prescription,Oncology
1487,Lenalidomide 5mg,Multiple myeloma,Generic,Multiple,Capsule,₹5000-12000,₹4000-9600,Prescription,Oncology
1488,Lenalidomide 10mg,MM,Generic,Multiple,Capsule,₹8000-20000,₹6400-16000,Prescription,Oncology
1489,Lenalidomide 25mg,Advanced MM,Generic,Multiple,Capsule,₹15000-40000,₹12000-32000,Prescription,Oncology
1490,Thalidomide 50mg,Multiple myeloma,Generic,Multiple,Capsule,₹2000-5000,₹1600-4000,Prescription,Oncology
1491,Pomalidomide 4mg,Relapsed MM,Generic,Multiple,Capsule,₹20000-50000,₹16000-40000,Prescription,Oncology
1492,Interferon alpha 3MIU,Chronic myeloid leukemia,Generic,Multiple,Injection,₹1000-2500,₹800-2000,Prescription,Oncology
1493,Interferon alpha 5MIU,Hairy cell leukemia,Generic,Multiple,Injection,₹1500-4000,₹1200-3200,Prescription,Oncology
1494,Interleukin-2 1.1mg,Renal cell carcinoma,Generic,Multiple,Injection,₹5000-12000,₹4000-9600,Prescription,Oncology
1495,G-CSF 300mcg,Neutropenia,Generic,Multiple,Injection,₹2000-5000,₹1600-4000,Prescription,Oncology
1496,GM-CSF 250mcg,Bone marrow recovery,Generic,Multiple,Injection,₹3000-8000,₹2400-6400,Prescription,Oncology
1497,Ondansetron 4mg,Chemotherapy nausea,Generic,Multiple,Tablet,₹25-60,₹20-48,Prescription,Oncology
1498,Ondansetron 8mg,Severe nausea,Generic,Multiple,Tablet,₹40-100,₹32-80,Prescription,Oncology
1499,Granisetron 1mg,Chemotherapy-induced nausea,Generic,Multiple,Tablet,₹100-250,₹80-200,Prescription,Oncology
1500,Aprepitant 80mg,Delayed nausea,Generic,Multiple,Capsule,₹500-1200,₹400-960,Prescription,Oncology
1501,Aprepitant 125mg,Acute nausea,Generic,Multiple,Capsule,₹800-2000,₹640-1600,Prescription,Oncology
1502,Dexamethasone 4mg,Anti-emetic,Generic,Multiple,Tablet,₹15-40,₹12-32,Prescription,Oncology
1503,Leucovorin 5mg,MTX rescue,Generic,Multiple,Tablet,₹50-150,₹40-120,Prescription,Oncology
1504,Leucovorin 15mg,Folinic acid,Generic,Multiple,Tablet,₹100-250,₹80-200,Prescription,Oncology
1505,Allopurinol 100mg,Tumor lysis syndrome,Generic,Multiple,Tablet,₹15-40,₹12-32,Prescription,Oncology
1506,Hepatitis A vaccine,Hepatitis A prevention,Branded,Multiple,Injection,₹1500-4000,₹1200-3200,Prescription,Vaccines
1507,Hepatitis B vaccine,Hepatitis B prevention,Branded,Multiple,Injection,₹300-800,₹240-640,Prescription,Vaccines
1508,Hepatitis A+B vaccine,Combined hepatitis prevention,Branded,Multiple,Injection,₹2000-5000,₹1600-4000,Prescription,Vaccines
1509,MMR vaccine,"Measles, Mumps, Rubella",Branded,Multiple,Injection,₹800-2000,₹640-1600,Prescription,Vaccines
1510,DPT vaccine,"Diphtheria, Pertussis, Tetanus",Branded,Multiple,Injection,₹200-500,₹160-400,Prescription,Vaccines
1511,DPaT vaccine,Acellular pertussis,Branded,Multiple,Injection,₹400-1000,₹320-800,Prescription,Vaccines
1512,Tdap vaccine,"Tetanus, Diphtheria, Pertussis",Branded,Multiple,Injection,₹500-1200,₹400-960,Prescription,Vaccines
1513,Tetanus toxoid,Tetanus prevention,Branded,Multiple,Injection,₹50-150,₹40-120,Prescription,Vaccines
1514,Polio vaccine (OPV),Oral polio prevention,Branded,Multiple,Drops,₹100-250,₹80-200,Prescription,Vaccines
1515,Polio vaccine (IPV),Inactivated polio,Branded,Multiple,Injection,₹300-800,₹240-640,Prescription,Vaccines
1516,HIB vaccine,Haemophilus influenzae type b,Branded,Multiple,Injection,₹800-2000,₹640-1600,Prescription,Vaccines
1517,Pneumococcal vaccine (PCV13),Pneumonia prevention,Branded,Multiple,Injection,₹3000-8000,₹2400-6400,Prescription,Vaccines
1518,Pneumococcal vaccine (PPSV23),Adult pneumonia,Branded,Multiple,Injection,₹2000-5000,₹1600-4000,Prescription,Vaccines
1519,Rotavirus vaccine,Rotavirus gastroenteritis,Branded,Multiple,Oral,₹1500-4000,₹1200-3200,Prescription,Vaccines
1520,Varicella vaccine,Chickenpox prevention,Branded,Multiple,Injection,₹2000-5000,₹1600-4000,Prescription,Vaccines
1521,Zoster vaccine,Shingles prevention,Branded,Multiple,Injection,₹8000-20000,₹6400-16000,Prescription,Vaccines
1522,Influenza vaccine,Seasonal flu prevention,Branded,Multiple,Injection,₹500-1500,₹400-1200,Prescription,Vaccines
1523,H1N1 vaccine,Swine flu prevention,Branded,Multiple,Injection,₹800-2000,₹640-1600,Prescription,Vaccines
1524,Meningococcal vaccine (MCV4),Meningitis prevention,Branded,Multiple,Injection,₹3000-8000,₹2400-6400,Prescription,Vaccines
1525,Meningococcal B vaccine,Meningitis B prevention,Branded,Multiple,Injection,₹8000-20000,₹6400-16000,Prescription,Vaccines
1526,Japanese encephalitis vaccine,JE prevention,Branded,Multiple,Injection,₹1500-4000,₹1200-3200,Prescription,Vaccines
1527,Typhoid vaccine,Typhoid fever prevention,Branded,Multiple,Injection,₹300-800,₹240-640,Prescription,Vaccines
1528,Typhoid vaccine (oral),Oral typhoid prevention,Branded,Multiple,Capsule,₹500-1200,₹400-960,Prescription,Vaccines
1529,Cholera vaccine,Cholera prevention,Branded,Multiple,Oral,₹800-2000,₹640-1600,Prescription,Vaccines
1530,Yellow fever vaccine,Yellow fever prevention,Branded,Multiple,Injection,₹2000-5000,₹1600-4000,Prescription,Vaccines
1531,Rabies vaccine,Rabies prevention,Branded,Multiple,Injection,₹300-800,₹240-640,Prescription,Vaccines
1532,HPV vaccine (Gardasil),Human papillomavirus,Branded,Multiple,Injection,₹6000-15000,₹4800-12000,Prescription,Vaccines
1533,HPV vaccine (Cervarix),Cervical cancer prevention,Branded,Multiple,Injection,₹5000-12000,₹4000-9600,Prescription,Vaccines
1534,BCG vaccine,Tuberculosis prevention,Branded,Multiple,Injection,₹100-250,₹80-200,Prescription,Vaccines
1535,Anthrax vaccine,Anthrax prevention,Branded,Multiple,Injection,₹5000-15000,₹4000-12000,Prescription,Vaccines
1536,Smallpox vaccine,Smallpox prevention,Branded,Multiple,Injection,₹10000-30000,₹8000-24000,Prescription,Vaccines
1537,COVID-19 vaccine (Covishield),COVID-19 prevention,Branded,Multiple,Injection,₹500-1500,₹400-1200,Prescription,Vaccines
1538,COVID-19 vaccine (Covaxin),COVID-19 prevention,Branded,Multiple,Injection,₹800-2000,₹640-1600,Prescription,Vaccines
1539,COVID-19 vaccine (Sputnik V),COVID-19 prevention,Branded,Multiple,Injection,₹1000-2500,₹800-2000,Prescription,Vaccines
1540,Hepatitis B immunoglobulin,Hepatitis B exposure,Branded,Multiple,Injection,₹2000-5000,₹1600-4000,Prescription,Vaccines
1541,Rabies immunoglobulin,Rabies exposure,Branded,Multiple,Injection,₹5000-15000,₹4000-12000,Prescription,Vaccines
1542,Varicella immunoglobulin,Varicella exposure,Branded,Multiple,Injection,₹8000-20000,₹6400-16000,Prescription,Vaccines
1543,Tetanus immunoglobulin,Tetanus exposure,Branded,Multiple,Injection,₹1000-2500,₹800-2000,Prescription,Vaccines
1544,Anti-D immunoglobulin,Rh incompatibility,Branded,Multiple,Injection,₹2000-5000,₹1600-4000,Prescription,Vaccines
1545,IVIG (Intravenous immunoglobulin),Immunodeficiency,Branded,Multiple,Injection,₹10000-30000,₹8000-24000,Prescription,Vaccines
1546,Anti-snake venom,Snake bite treatment,Branded,Multiple,Injection,₹1500-4000,₹1200-3200,Prescription,Vaccines
1547,Anti-scorpion venom,Scorpion sting,Branded,Multiple,Injection,₹2000-5000,₹1600-4000,Prescription,Vaccines
1548,Diphtheria antitoxin,Diphtheria treatment,Branded,Multiple,Injection,₹3000-8000,₹2400-6400,Prescription,Vaccines
1549,Botulism antitoxin,Botulism treatment,Branded,Multiple,Injection,₹15000-40000,₹12000-32000,Prescription,Vaccines
1550,Gas gangrene antitoxin,Gas gangrene treatment,Branded,Multiple,Injection,₹5000-15000,₹4000-12000,Prescription,Vaccines
1551,Pentavalent vaccine,5-in-1 vaccine,Branded,Multiple,Injection,₹1500-4000,₹1200-3200,Prescription,Vaccines
1552,Hexavalent vaccine,6-in-1 vaccine,Branded,Multiple,Injection,₹2500-6000,₹2000-4800,Prescription,Vaccines
1553,Travel vaccine combo,Multiple travel diseases,Branded,Multiple,Injection,₹5000-15000,₹4000-12000,Prescription,Vaccines
1554,Adrenaline 1:1000,"Anaphylaxis, Cardiac arrest",Generic,Multiple,Injection,₹50-150,₹40-120,Prescription,Emergency Medicine
1555,Adrenaline 1:10000,Cardiac arrest,Generic,Multiple,Injection,₹100-250,₹80-200,Prescription,Emergency Medicine
1556,Noradrenaline 4mg,"Shock, Hypotension",Generic,Multiple,Injection,₹200-500,₹160-400,Prescription,Emergency Medicine
1557,Dopamine 40mg,Cardiogenic shock,Generic,Multiple,Injection,₹100-250,₹80-200,Prescription,Emergency Medicine
1558,Dobutamine 250mg,Heart failure,Generic,Multiple,Injection,₹300-800,₹240-640,Prescription,Emergency Medicine
1559,Isoprenaline 2mg,Heart block,Generic,Multiple,Injection,₹150-400,₹120-320,Prescription,Emergency Medicine
1560,Vasopressin 20 units,Septic shock,Generic,Multiple,Injection,₹500-1200,₹400-960,Prescription,Emergency Medicine
1561,Phenylephrine 10mg,Hypotension,Generic,Multiple,Injection,₹80-200,₹64-160,Prescription,Emergency Medicine
1562,Mephentermine 15mg,Hypotension,Generic,Multiple,Injection,₹50-120,₹40-96,Prescription,Emergency Medicine
1563,Atropine 0.6mg,"Bradycardia, Poisoning",Generic,Multiple,Injection,₹25-60,₹20-48,Prescription,Emergency Medicine
1564,Glycopyrrolate 0.2mg,Bradycardia,Generic,Multiple,Injection,₹40-100,₹32-80,Prescription,Emergency Medicine
1565,Adenosine 6mg,SVT,Generic,Multiple,Injection,₹300-800,₹240-640,Prescription,Emergency Medicine
1566,Verapamil 5mg,SVT,Generic,Multiple,Injection,₹80-200,₹64-160,Prescription,Emergency Medicine
1567,Lignocaine 2%,Ventricular arrhythmias,Generic,Multiple,Injection,₹30-80,₹24-64,Prescription,Emergency Medicine
1568,Lignocaine 4%,Topical anesthesia,Generic,Multiple,Solution,₹50-120,₹40-96,Prescription,Emergency Medicine
1569,Amiodarone 150mg,Ventricular arrhythmias,Generic,Multiple,Injection,₹200-500,₹160-400,Prescription,Emergency Medicine
1570,Digoxin 0.25mg,Atrial fibrillation,Generic,Multiple,Injection,₹30-80,₹24-64,Prescription,Emergency Medicine
1571,Calcium gluconate 10%,Hypocalcemia,Generic,Multiple,Injection,₹25-60,₹20-48,Prescription,Emergency Medicine
1572,Calcium chloride 10%,Severe hypocalcemia,Generic,Multiple,Injection,₹30-80,₹24-64,Prescription,Emergency Medicine
1573,Magnesium sulfate 50%,"Eclampsia, Hypomagnesemia",Generic,Multiple,Injection,₹25-60,₹20-48,Prescription,Emergency Medicine
1574,Potassium chloride 15%,Hypokalemia,Generic,Multiple,Injection,₹40-100,₹32-80,Prescription,Emergency Medicine
1575,Sodium bicarbonate 8.4%,Metabolic acidosis,Generic,Multiple,Injection,₹40-100,₹32-80,Prescription,Emergency Medicine
1576,Mannitol 20%,Cerebral edema,Generic,Multiple,Injection,₹80-200,₹64-160,Prescription,Emergency Medicine
1577,Hypertonic saline 3%,Cerebral edema,Generic,Multiple,Injection,₹100-250,₹80-200,Prescription,Emergency Medicine
1578,Dextrose 25%,Severe hypoglycemia,Generic,Multiple,Injection,₹20-50,₹16-40,Prescription,Emergency Medicine
1579,Dextrose 50%,Hypoglycemic coma,Generic,Multiple,Injection,₹30-80,₹24-64,Prescription,Emergency Medicine
1580,Glucagon 1mg,Severe hypoglycemia,Generic,Multiple,Injection,₹1000-2500,₹800-2000,Prescription,Emergency Medicine
1581,Insulin regular,Diabetic ketoacidosis,Generic,Multiple,Injection,₹150-400,₹120-320,Prescription,Emergency Medicine
1582,Thiamine 100mg,Wernicke encephalopathy,Generic,Multiple,Injection,₹50-120,₹40-96,Prescription,Emergency Medicine
1583,Pyridoxine 100mg,Isoniazid poisoning,Generic,Multiple,Injection,₹80-200,₹64-160,Prescription,Emergency Medicine
1584,Folic acid 5mg,Megaloblastic anemia,Generic,Multiple,Injection,₹40-100,₹32-80,Prescription,Emergency Medicine
1585,Vitamin K1 10mg,Bleeding disorders,Generic,Multiple,Injection,₹100-250,₹80-200,Prescription,Emergency Medicine
1586,Protamine sulfate 50mg,Heparin reversal,Generic,Multiple,Injection,₹300-800,₹240-640,Prescription,Emergency Medicine
1587,Fresh frozen plasma,Coagulopathy,Branded,Multiple,Infusion,₹1500-4000,₹1200-3200,Prescription,Emergency Medicine
1588,Packed red blood cells,Severe anemia,Branded,Multiple,Transfusion,₹2000-5000,₹1600-4000,Prescription,Emergency Medicine
1589,Platelet concentrate,Thrombocytopenia,Branded,Multiple,Transfusion,₹3000-8000,₹2400-6400,Prescription,Emergency Medicine
1590,Cryoprecipitate,Fibrinogen deficiency,Branded,Multiple,Infusion,₹2000-5000,₹1600-4000,Prescription,Emergency Medicine
1591,Albumin 20%,Hypovolemia,Branded,Multiple,Infusion,₹2000-5000,₹1600-4000,Prescription,Emergency Medicine
1592,Hydroxyethyl starch,Volume expansion,Generic,Multiple,Infusion,₹300-800,₹240-640,Prescription,Emergency Medicine
1593,Gelatin,Plasma expander,Generic,Multiple,Infusion,₹200-500,₹160-400,Prescription,Emergency Medicine
1594,Normal saline 0.9%,Volume replacement,Generic,Multiple,Infusion,₹25-60,₹20-48,Prescription,Emergency Medicine
1595,Ringer lactate,Balanced crystalloid,Generic,Multiple,Infusion,₹30-80,₹24-64,Prescription,Emergency Medicine
1596,Dextran 40,Plasma expander,Generic,Multiple,Infusion,₹300-800,₹240-640,Prescription,Emergency Medicine
1597,Activated charcoal,Poisoning,Generic,Multiple,Powder,₹50-150,₹40-120,OTC,Emergency Medicine
1598,N-acetylcysteine 200mg,Paracetamol poisoning,Generic,Multiple,Injection,₹200-500,₹160-400,Prescription,Emergency Medicine
1599,Pralidoxime 500mg,Organophosphate poisoning,Generic,Multiple,Injection,₹300-800,₹240-640,Prescription,Emergency Medicine
1600,Flumazenil 0.5mg,Benzodiazepine overdose,Generic,Multiple,Injection,₹500-1200,₹400-960,Prescription,Emergency Medicine
1601,Naloxone 0.4mg,Opioid overdose,Generic,Multiple,Injection,₹200-500,₹160-400,Prescription,Emergency Medicine
1602,Physostigmine 2mg,Anticholinergic poisoning,Generic,Multiple,Injection,₹800-2000,₹640-1600,Prescription,Emergency Medicine
1603,Methylene blue 50mg,Methemoglobinemia,Generic,Multiple,Injection,₹300-800,₹240-640,Prescription,Emergency Medicine
1604,Ethanol 10%,Methanol/ethylene glycol,Generic,Multiple,Infusion,₹200-500,₹160-400,Prescription,Emergency Medicine
1605,DMSA (Succimer),Lead poisoning,Generic,Multiple,Capsule,₹1000-2500,₹800-2000,Prescription,Emergency Medicine
1606,EDTA calcium,Lead poisoning,Generic,Multiple,Injection,₹500-1200,₹400-960,Prescription,Emergency Medicine
1607,Deferoxamine 500mg,Iron poisoning,Generic,Multiple,Injection,₹800-2000,₹640-1600,Prescription,Emergency Medicine
1608,Hydroxocobalamin,Cyanide poisoning,Generic,Multiple,Injection,₹5000-15000,₹4000-12000,Prescription,Emergency Medicine
1609,Sodium thiosulfate,Cyanide poisoning,Generic,Multiple,Injection,₹200-500,₹160-400,Prescription,Emergency Medicine
1610,Fomepizole,Methanol poisoning,Generic,Multiple,Injection,₹10000-25000,₹8000-20000,Prescription,Emergency Medicine
1611,Hydrocortisone 100mg,Adrenal crisis,Generic,Multiple,Injection,₹50-150,₹40-120,Prescription,Emergency Medicine
1612,Methylprednisolone 40mg,Severe inflammation,Generic,Multiple,Injection,₹100-250,₹80-200,Prescription,Emergency Medicine
1613,Methylprednisolone 125mg,Spinal cord injury,Generic,Multiple,Injection,₹300-800,₹240-640,Prescription,Emergency Medicine
1614,Methylprednisolone 500mg,High-dose steroid,Generic,Multiple,Injection,₹800-2000,₹640-1600,Prescription,Emergency Medicine
1615,Dexamethasone 4mg,Cerebral edema,Generic,Multiple,Injection,₹30-80,₹24-64,Prescription,Emergency Medicine
1616,Dexamethasone 8mg,High-dose steroid,Generic,Multiple,Injection,₹50-150,₹40-120,Prescription,Emergency Medicine
1617,Diazepam 10mg,Status epilepticus,Generic,Multiple,Injection,₹25-60,₹20-48,Prescription,Emergency Medicine
1618,Lorazepam 4mg,Status epilepticus,Generic,Multiple,Injection,₹80-200,₹64-160,Prescription,Emergency Medicine
1619,Midazolam 5mg,Sedation,Generic,Multiple,Injection,₹100-250,₹80-200,Prescription,Emergency Medicine
1620,Phenytoin 250mg,Status epilepticus,Generic,Multiple,Injection,₹80-200,₹64-160,Prescription,Emergency Medicine
1621,Fosphenytoin 150mg,Status epilepticus,Generic,Multiple,Injection,₹800-2000,₹640-1600,Prescription,Emergency Medicine
1622,Levetiracetam 500mg,Status epilepticus,Generic,Multiple,Injection,₹300-800,₹240-640,Prescription,Emergency Medicine
1623,Valproic acid 400mg,Status epilepticus,Generic,Multiple,Injection,₹200-500,₹160-400,Prescription,Emergency Medicine
1624,Etomidate 20mg,Rapid sequence intubation,Generic,Multiple,Injection,₹300-800,₹240-640,Prescription,Emergency Medicine
1625,Propofol 200mg,Anesthesia induction,Generic,Multiple,Injection,₹300-800,₹240-640,Prescription,Emergency Medicine
1626,Ketamine 500mg,Dissociative anesthesia,Generic,Multiple,Injection,₹200-500,₹160-400,Prescription,Emergency Medicine
1627,Thiopental 500mg,Anesthesia induction,Generic,Multiple,Injection,₹100-250,₹80-200,Prescription,Emergency Medicine
1628,Succinylcholine 100mg,Muscle paralysis,Generic,Multiple,Injection,₹150-400,₹120-320,Prescription,Emergency Medicine
1629,Vecuronium 10mg,Muscle paralysis,Generic,Multiple,Injection,₹200-500,₹160-400,Prescription,Emergency Medicine
1630,Rocuronium 50mg,Rapid onset paralysis,Generic,Multiple,Injection,₹300-800,₹240-640,Prescription,Emergency Medicine
1631,Atracurium 25mg,Muscle paralysis,Generic,Multiple,Injection,₹200-500,₹160-400,Prescription,Emergency Medicine
1632,Neostigmine 2.5mg,Reversal of paralysis,Generic,Multiple,Injection,₹30-80,₹24-64,Prescription,Emergency Medicine
1633,Sugammadex 200mg,Rocuronium reversal,Generic,Multiple,Injection,₹5000-15000,₹4000-12000,Prescription,Emergency Medicine
1634,Morphine 10mg,Severe pain,Generic,Multiple,Injection,₹50-150,₹40-120,Prescription,Emergency Medicine
1635,Fentanyl 100mcg,Severe pain,Generic,Multiple,Injection,₹100-250,₹80-200,Prescription,Emergency Medicine
1636,Tramadol 100mg,Moderate to severe pain,Generic,Multiple,Injection,₹25-60,₹20-48,Prescription,Emergency Medicine
1637,Pentazocine 30mg,Pain,Generic,Multiple,Injection,₹40-100,₹32-80,Prescription,Emergency Medicine
1638,Butorphanol 2mg,Pain,Generic,Multiple,Injection,₹100-250,₹80-200,Prescription,Emergency Medicine
1639,Nubain 10mg,Pain,Generic,Multiple,Injection,₹150-400,₹120-320,Prescription,Emergency Medicine
1640,Haloperidol 5mg,Acute agitation,Generic,Multiple,Injection,₹30-80,₹24-64,Prescription,Emergency Medicine
1641,Chlorpromazine 25mg,Severe agitation,Generic,Multiple,Injection,₹25-60,₹20-48,Prescription,Emergency Medicine
1642,Promethazine 25mg,"Sedation, Allergy",Generic,Multiple,Injection,₹20-50,₹16-40,Prescription,Emergency Medicine
1643,Diphenhydramine 50mg,Severe allergic reaction,Generic,Multiple,Injection,₹40-100,₹32-80,Prescription,Emergency Medicine
1644,Hydrochloric acid test,Gastric aspiration,Generic,Multiple,Solution,₹50-150,₹40-120,Prescription,Emergency Medicine
1645,Esmolol 100mg,Hypertensive crisis,Generic,Multiple,Injection,₹500-1200,₹400-960,Prescription,Emergency Medicine
1646,Labetalol 100mg,Hypertensive emergency,Generic,Multiple,Injection,₹200-500,₹160-400,Prescription,Emergency Medicine
1647,Nicardipine 25mg,Hypertensive crisis,Generic,Multiple,Injection,₹800-2000,₹640-1600,Prescription,Emergency Medicine
1648,Clevidipine 50mg,Perioperative hypertension,Generic,Multiple,Injection,₹2000-5000,₹1600-4000,Prescription,Emergency Medicine
1649,Nitroglycerin 5mg,Acute coronary syndrome,Generic,Multiple,Injection,₹100-250,₹80-200,Prescription,Emergency Medicine
1650,Nitroprusside 50mg,Hypertensive emergency,Generic,Multiple,Injection,₹300-800,₹240-640,Prescription,Emergency Medicine
1651,Furosemide 40mg,Acute heart failure,Generic,Multiple,Injection,₹20-50,₹16-40,Prescription,Emergency Medicine
1652,Furosemide 250mg,Severe fluid overload,Generic,Multiple,Injection,₹100-250,₹80-200,Prescription,Emergency Medicine
1653,Aminophylline 250mg,Severe asthma,Generic,Multiple,Injection,₹50-150,₹40-120,Prescription,Emergency Medicine
1654,Magnesium sulfate 2g,Severe asthma,Generic,Multiple,Injection,₹40-100,₹32-80,Prescription,Emergency Medicine
1655,Ipratropium nebulizer,Severe bronchospasm,Generic,Multiple,Nebulizer,₹80-200,₹64-160,Prescription,Emergency Medicine
1656,Salbutamol nebulizer,Acute bronchospasm,Generic,Multiple,Nebulizer,₹30-80,₹24-64,Prescription,Emergency Medicine
1657,Budesonide nebulizer,Severe asthma,Generic,Multiple,Nebulizer,₹150-400,₹120-320,Prescription,Emergency Medicine
1658,Terbutaline 0.5mg,Severe bronchospasm,Generic,Multiple,Injection,₹30-80,₹24-64,Prescription,Emergency Medicine
1659,Adrenaline nebulizer,Severe croup,Generic,Multiple,Nebulizer,₹100-250,₹80-200,Prescription,Emergency Medicine
1660,Heliox mixture,Severe airway obstruction,Generic,Multiple,Gas,₹2000-5000,₹1600-4000,Prescription,Emergency Medicine
1661,Intralipid 20%,Local anesthetic toxicity,Generic,Multiple,Infusion,₹500-1200,₹400-960,Prescription,Emergency Medicine
1662,Povidone iodine 10% solution,Wound antiseptic,Generic,Multiple,Solution,₹25-60,₹20-48,OTC,Wound Care
1663,Povidone iodine 5% solution,Sensitive wound care,Generic,Multiple,Solution,₹20-50,₹16-40,OTC,Wound Care
1664,Hydrogen peroxide 3%,Wound cleansing,Generic,Multiple,Solution,₹15-40,₹12-32,OTC,Wound Care
1665,Hydrogen peroxide 6%,Deep wound cleaning,Generic,Multiple,Solution,₹25-60,₹20-48,OTC,Wound Care
1666,Chlorhexidine 2% solution,Antiseptic,Generic,Multiple,Solution,₹30-80,₹24-64,OTC,Wound Care
1667,Chlorhexidine 4% solution,Surgical scrub,Generic,Multiple,Solution,₹50-120,₹40-96,Prescription,Wound Care
1668,Savlon antiseptic liquid,General antiseptic,Branded,Multiple,Solution,₹40-100,₹32-80,OTC,Wound Care
1669,Dettol antiseptic liquid,Antiseptic,Branded,Multiple,Solution,₹30-80,₹24-64,OTC,Wound Care
1670,Spirit (Isopropyl alcohol) 70%,Antiseptic,Generic,Multiple,Solution,₹20-50,₹16-40,OTC,Wound Care
1671,Ethyl alcohol 95%,Antiseptic,Generic,Multiple,Solution,₹25-60,₹20-48,OTC,Wound Care
1672,Silver sulfadiazine 1% cream,Burn wounds,Generic,Multiple,Cream,₹60-150,₹48-120,Prescription,Wound Care
1673,Silver nitrate sticks,Cauterization,Generic,Multiple,Stick,₹100-250,₹80-200,Prescription,Wound Care
1674,Zinc oxide ointment,"Diaper rash, Minor wounds",Generic,Multiple,Ointment,₹40-100,₹32-80,OTC,Wound Care
1675,Calamine lotion,"Itching, Minor wounds",Generic,Multiple,Lotion,₹30-80,₹24-64,OTC,Wound Care
1676,Gentian violet 1%,Fungal infections,Generic,Multiple,Solution,₹20-50,₹16-40,OTC,Wound Care
1677,Mercurochrome solution,Minor cuts,Generic,Multiple,Solution,₹25-60,₹20-48,OTC,Wound Care
1678,Mupiroricin 2% ointment,Bacterial skin infections,Generic,Multiple,Ointment,₹80-200,₹64-160,Prescription,Wound Care
1679,Framycetin cream,Infected wounds,Generic,Multiple,Cream,₹40-100,₹32-80,Prescription,Wound Care
1680,Neomycin + Bacitracin ointment,Topical antibiotic,Generic,Multiple,Ointment,₹50-120,₹40-96,OTC,Wound Care
1681,Soframycin cream,Bacterial infections,Branded,Multiple,Cream,₹60-150,₹48-120,Prescription,Wound Care
1682,T-Bact ointment,Skin infections,Branded,Multiple,Ointment,₹80-200,₹64-160,Prescription,Wound Care
1683,Fusidic acid 2% cream,Bacterial skin infections,Generic,Multiple,Cream,₹100-250,₹80-200,Prescription,Wound Care
1684,Betadine ointment,Antiseptic,Branded,Multiple,Ointment,₹40-100,₹32-80,OTC,Wound Care
1685,Acriflavine emulsion,Antiseptic,Generic,Multiple,Emulsion,₹30-80,₹24-64,OTC,Wound Care
1686,Tincture benzoin compound,Protective coating,Generic,Multiple,Tincture,₹40-100,₹32-80,OTC,Wound Care
1687,Boroglycerin,Mouth ulcers,Generic,Multiple,Solution,₹25-60,₹20-48,OTC,Wound Care
1688,Glycerin,Wound care base,Generic,Multiple,Solution,₹20-50,₹16-40,OTC,Wound Care
1689,Paraffin gauze dressing,Non-adherent dressing,Generic,Multiple,Dressing,₹50-120,₹40-96,OTC,Wound Care
1690,Hydrocolloid dressing,Chronic wounds,Generic,Multiple,Dressing,₹100-250,₹80-200,OTC,Wound Care
1691,Foam dressing,Exuding wounds,Generic,Multiple,Dressing,₹150-400,₹120-320,OTC,Wound Care
1692,Alginate dressing,Highly exuding wounds,Generic,Multiple,Dressing,₹200-500,₹160-400,OTC,Wound Care
1693,Transparent film dressing,IV sites,Generic,Multiple,Dressing,₹80-200,₹64-160,OTC,Wound Care
1694,Hydrogel dressing,Dry wounds,Generic,Multiple,Dressing,₹150-400,₹120-320,OTC,Wound Care
1695,Collagen dressing,Diabetic ulcers,Generic,Multiple,Dressing,₹500-1200,₹400-960,Prescription,Wound Care
1696,Silver-impregnated dressing,Infected wounds,Generic,Multiple,Dressing,₹300-800,₹240-640,Prescription,Wound Care
1697,Honey-impregnated dressing,Natural wound care,Generic,Multiple,Dressing,₹200-500,₹160-400,OTC,Wound Care
1698,Adhesive bandages,Minor cuts,Generic,Multiple,Bandage,₹20-50,₹16-40,OTC,Wound Care
1699,Waterproof bandages,Water-resistant protection,Generic,Multiple,Bandage,₹30-80,₹24-64,OTC,Wound Care
1700,Elastic adhesive bandage,Support and compression,Generic,Multiple,Bandage,₹40-100,₹32-80,OTC,Wound Care
1701,Gauze bandage 2 inch,Basic wound dressing,Generic,Multiple,Bandage,₹15-40,₹12-32,OTC,Wound Care
1702,Gauze bandage 4 inch,Large wound dressing,Generic,Multiple,Bandage,₹25-60,₹20-48,OTC,Wound Care
1703,Cotton bandage,Wound support,Generic,Multiple,Bandage,₹20-50,₹16-40,OTC,Wound Care
1704,Compression bandage,Venous ulcers,Generic,Multiple,Bandage,₹100-250,₹80-200,OTC,Wound Care
1705,Tubular bandage,Finger/toe injuries,Generic,Multiple,Bandage,₹50-120,₹40-96,OTC,Wound Care
1706,Self-adherent wrap,Sports injuries,Generic,Multiple,Wrap,₹60-150,₹48-120,OTC,Wound Care
1707,Medical tape (paper),Securing dressings,Generic,Multiple,Tape,₹25-60,₹20-48,OTC,Wound Care
1708,Medical tape (cloth),Strong adhesion,Generic,Multiple,Tape,₹40-100,₹32-80,OTC,Wound Care
1709,Micropore tape,Sensitive skin,Generic,Multiple,Tape,₹50-120,₹40-96,OTC,Wound Care
1710,Zinc oxide tape,Athletic taping,Generic,Multiple,Tape,₹60-150,₹48-120,OTC,Wound Care
1711,Kinesiology tape,Movement support,Generic,Multiple,Tape,₹150-400,₹120-320,OTC,Wound Care
1712,Sterile gauze pads 2x2,Small wounds,Generic,Multiple,Pad,₹30-80,₹24-64,OTC,Wound Care
1713,Sterile gauze pads 4x4,Medium wounds,Generic,Multiple,Pad,₹50-120,₹40-96,OTC,Wound Care
1714,Non-adherent pads,Wound protection,Generic,Multiple,Pad,₹60-150,₹48-120,OTC,Wound Care
1715,Eye pads,Eye injuries,Generic,Multiple,Pad,₹40-100,₹32-80,OTC,Wound Care
1716,Abdominal pads,Large wounds,Generic,Multiple,Pad,₹80-200,₹64-160,OTC,Wound Care
1717,Cotton swabs,Wound cleaning,Generic,Multiple,Swab,₹20-50,₹16-40,OTC,Wound Care
1718,Alcohol swabs,Pre-injection cleaning,Generic,Multiple,Swab,₹25-60,₹20-48,OTC,Wound Care
1719,Iodine swabs,Antiseptic application,Generic,Multiple,Swab,₹30-80,₹24-64,OTC,Wound Care
1720,Skin prep pads,Pre-surgical preparation,Generic,Multiple,Pad,₹50-120,₹40-96,OTC,Wound Care
1721,Wound irrigation solution,Saline wound wash,Generic,Multiple,Solution,₹80-200,₹64-160,OTC,Wound Care
1722,Normal saline 100ml,Wound irrigation,Generic,Multiple,Solution,₹25-60,₹20-48,OTC,Wound Care
1723,Normal saline 500ml,Large wound irrigation,Generic,Multiple,Solution,₹40-100,₹32-80,OTC,Wound Care
1724,Wound closure strips,Small lacerations,Generic,Multiple,Strips,₹50-120,₹40-96,OTC,Wound Care
1725,Skin glue (Dermabond),Wound closure,Generic,Multiple,Glue,₹300-800,₹240-640,Prescription,Wound Care
1726,Surgical staples,Wound closure,Generic,Multiple,Staples,₹200-500,₹160-400,Prescription,Wound Care
1727,Suture material (Silk),Wound closure,Generic,Multiple,Suture,₹100-250,₹80-200,Prescription,Wound Care
1728,Suture material (Nylon),Skin closure,Generic,Multiple,Suture,₹150-400,₹120-320,Prescription,Wound Care
1729,Suture material (Vicryl),Absorbable sutures,Generic,Multiple,Suture,₹200-500,₹160-400,Prescription,Wound Care
1730,Surgical needles,Suturing,Generic,Multiple,Needle,₹50-150,₹40-120,Prescription,Wound Care
1731,Disposable syringes 2ml,Injections,Generic,Multiple,Syringe,₹5-15,₹4-12,OTC,Wound Care
1732,Disposable syringes 5ml,Injections,Generic,Multiple,Syringe,₹8-20,₹6-16,OTC,Wound Care
1733,Disposable syringes 10ml,Large volume,Generic,Multiple,Syringe,₹10-25,₹8-20,OTC,Wound Care
1734,Insulin syringes,Diabetes management,Generic,Multiple,Syringe,₹15-40,₹12-32,OTC,Wound Care
1735,Safety needles,Injection safety,Generic,Multiple,Needle,₹8-20,₹6-16,OTC,Wound Care
1736,Butterfly needles,Blood collection,Generic,Multiple,Needle,₹25-60,₹20-48,Prescription,Wound Care
1737,IV cannulas 18G,Intravenous access,Generic,Multiple,Cannula,₹30-80,₹24-64,Prescription,Wound Care
1738,IV cannulas 20G,Standard IV access,Generic,Multiple,Cannula,₹25-60,₹20-48,Prescription,Wound Care
1739,IV cannulas 22G,Pediatric IV access,Generic,Multiple,Cannula,₹20-50,₹16-40,Prescription,Wound Care
1740,IV cannulas 24G,Small vein access,Generic,Multiple,Cannula,₹25-60,₹20-48,Prescription,Wound Care
1741,IV giving sets,IV fluid administration,Generic,Multiple,Set,₹40-100,₹32-80,Prescription,Wound Care
1742,Blood collection tubes,Laboratory samples,Generic,Multiple,Tube,₹15-40,₹12-32,Prescription,Wound Care
1743,Urine collection bags,Catheter drainage,Generic,Multiple,Bag,₹50-120,₹40-96,Prescription,Wound Care
1744,Foley catheters 14Fr,Urinary drainage,Generic,Multiple,Catheter,₹100-250,₹80-200,Prescription,Wound Care
1745,Foley catheters 16Fr,Standard catheterization,Generic,Multiple,Catheter,₹120-300,₹96-240,Prescription,Wound Care
1746,Nasogastric tubes,Gastric decompression,Generic,Multiple,Tube,₹80-200,₹64-160,Prescription,Wound Care
1747,Oxygen masks,Oxygen therapy,Generic,Multiple,Mask,₹50-120,₹40-96,Prescription,Wound Care
1748,Nebulizer masks,Medication delivery,Generic,Multiple,Mask,₹60-150,₹48-120,Prescription,Wound Care
1749,Surgical masks,Infection control,Generic,Multiple,Mask,₹2-8,₹2-6,OTC,Wound Care
1750,N95 masks,High filtration,Generic,Multiple,Mask,₹20-50,₹16-40,OTC,Wound Care
1751,Ashwagandha 300mg,"Stress, Anxiety",Ayurvedic,Multiple,Capsule,₹100-250,₹80-200,OTC,Ayurveda
1752,Ashwagandha powder,General tonic,Ayurvedic,Multiple,Powder,₹80-200,₹64-160,OTC,Ayurveda
1753,Brahmi 250mg,Memory enhancer,Ayurvedic,Multiple,Capsule,₹80-200,₹64-160,OTC,Ayurveda
1754,Brahmi syrup,Brain tonic,Ayurvedic,Multiple,Syrup,₹100-250,₹80-200,OTC,Ayurveda
1755,Shankhpushpi syrup,Memory booster,Ayurvedic,Multiple,Syrup,₹80-200,₹64-160,OTC,Ayurveda
1756,Mandukaparni,Brain health,Ayurvedic,Multiple,Tablet,₹60-150,₹48-120,OTC,Ayurveda
1757,Saraswatarishta,Mental clarity,Ayurvedic,Multiple,Liquid,₹150-400,₹120-320,OTC,Ayurveda
1758,Medhya Rasayan,Cognitive enhancement,Ayurvedic,Multiple,Tablet,₹200-500,₹160-400,OTC,Ayurveda
1759,Arjuna 250mg,Heart health,Ayurvedic,Multiple,Capsule,₹100-250,₹80-200,OTC,Ayurveda
1760,Arjuna powder,Cardiac tonic,Ayurvedic,Multiple,Powder,₹80-200,₹64-160,OTC,Ayurveda
1761,Arjunarishta,Heart tonic,Ayurvedic,Multiple,Liquid,₹120-300,₹96-240,OTC,Ayurveda
1762,Pushkarmool,Respiratory health,Ayurvedic,Multiple,Powder,₹100-250,₹80-200,OTC,Ayurveda
1763,Hridayarnava Ras,Heart disorders,Ayurvedic,Multiple,Tablet,₹300-800,₹240-640,OTC,Ayurveda
1764,Turmeric 500mg,Anti-inflammatory,Ayurvedic,Multiple,Capsule,₹60-150,₹48-120,OTC,Ayurveda
1765,Turmeric powder,Natural antiseptic,Ayurvedic,Multiple,Powder,₹40-100,₹32-80,OTC,Ayurveda
1766,Curcumin extract,Potent anti-inflammatory,Ayurvedic,Multiple,Capsule,₹200-500,₹160-400,OTC,Ayurveda
1767,Haridra Khanda,Turmeric formulation,Ayurvedic,Multiple,Powder,₹100-250,₹80-200,OTC,Ayurveda
1768,Triphala powder,Digestive health,Ayurvedic,Multiple,Powder,₹60-150,₹48-120,OTC,Ayurveda
1769,Triphala tablets,Bowel regularity,Ayurvedic,Multiple,Tablet,₹80-200,₹64-160,OTC,Ayurveda
1770,Triphala churna,Traditional formula,Ayurvedic,Multiple,Churna,₹50-120,₹40-96,OTC,Ayurveda
1771,Amalaki Rasayan,Vitamin C source,Ayurvedic,Multiple,Powder,₹100-250,₹80-200,OTC,Ayurveda
1772,Chyawanprash,Immunity booster,Ayurvedic,Multiple,Paste,₹200-500,₹160-400,OTC,Ayurveda
1773,Amla juice,Natural vitamin C,Ayurvedic,Multiple,Juice,₹80-200,₹64-160,OTC,Ayurveda
1774,Giloy 500mg,Immunity enhancer,Ayurvedic,Multiple,Capsule,₹100-250,₹80-200,OTC,Ayurveda
1775,Giloy juice,Immune support,Ayurvedic,Multiple,Juice,₹120-300,₹96-240,OTC,Ayurveda
1776,Guduchi tablets,Fever reducer,Ayurvedic,Multiple,Tablet,₹80-200,₹64-160,OTC,Ayurveda
1777,Tinospora cordifolia,Immunomodulator,Ayurvedic,Multiple,Extract,₹150-400,₹120-320,OTC,Ayurveda
1778,Neem 250mg,Blood purifier,Ayurvedic,Multiple,Capsule,₹60-150,₹48-120,OTC,Ayurveda
1779,Neem powder,Skin health,Ayurvedic,Multiple,Powder,₹40-100,₹32-80,OTC,Ayurveda
1780,Neem oil,External application,Ayurvedic,Multiple,Oil,₹50-120,₹40-96,OTC,Ayurveda
1781,Nimba tablets,Antimicrobial,Ayurvedic,Multiple,Tablet,₹80-200,₹64-160,OTC,Ayurveda
1782,Tulsi drops,Respiratory health,Ayurvedic,Multiple,Drops,₹50-120,₹40-96,OTC,Ayurveda
1783,Tulsi tablets,Immune support,Ayurvedic,Multiple,Tablet,₹60-150,₹48-120,OTC,Ayurveda
1784,Holy basil extract,Adaptogen,Ayurvedic,Multiple,Extract,₹100-250,₹80-200,OTC,Ayurveda
1785,Ocimum sanctum,Sacred basil,Ayurvedic,Multiple,Capsule,₹80-200,₹64-160,OTC,Ayurveda
1786,Ginger 250mg,Digestive aid,Ayurvedic,Multiple,Capsule,₹50-120,₹40-96,OTC,Ayurveda
1787,Ginger powder,Nausea relief,Ayurvedic,Multiple,Powder,₹30-80,₹24-64,OTC,Ayurveda
1788,Zingiber officinale,Anti-nausea,Ayurvedic,Multiple,Extract,₹100-250,₹80-200,OTC,Ayurveda
1789,Shunthi powder,Dried ginger,Ayurvedic,Multiple,Powder,₹40-100,₹32-80,OTC,Ayurveda
1790,Garlic 500mg,Cardiovascular health,Ayurvedic,Multiple,Capsule,₹60-150,₹48-120,OTC,Ayurveda
1791,Garlic oil,Heart health,Ayurvedic,Multiple,Oil,₹80-200,₹64-160,OTC,Ayurveda
1792,Allium sativum,Blood pressure,Ayurvedic,Multiple,Extract,₹100-250,₹80-200,OTC,Ayurveda
1793,Lasuna tablets,Cholesterol management,Ayurvedic,Multiple,Tablet,₹120-300,₹96-240,OTC,Ayurveda
1794,Fenugreek 500mg,Diabetes management,Ayurvedic,Multiple,Capsule,₹80-200,₹64-160,OTC,Ayurveda
1795,Methi powder,Blood sugar control,Ayurvedic,Multiple,Powder,₹40-100,₹32-80,OTC,Ayurveda
1796,Trigonella foenum,Metabolic support,Ayurvedic,Multiple,Extract,₹100-250,₹80-200,OTC,Ayurveda
1797,Bitter gourd extract,Diabetes support,Ayurvedic,Multiple,Extract,₹120-300,₹96-240,OTC,Ayurveda
1798,Karela juice,Blood sugar,Ayurvedic,Multiple,Juice,₹80-200,₹64-160,OTC,Ayurveda
1799,Momordica charantia,Anti-diabetic,Ayurvedic,Multiple,Capsule,₹100-250,₹80-200,OTC,Ayurveda
1800,Jamun seed powder,Diabetes management,Ayurvedic,Multiple,Powder,₹60-150,₹48-120,OTC,Ayurveda
1801,Syzygium cumini,Blood glucose,Ayurvedic,Multiple,Extract,₹100-250,₹80-200,OTC,Ayurveda
1802,Gymnema 250mg,Sugar destroyer,Ayurvedic,Multiple,Capsule,₹150-400,₹120-320,OTC,Ayurveda
1803,Gymnema sylvestre,Anti-diabetic herb,Ayurvedic,Multiple,Extract,₹200-500,₹160-400,OTC,Ayurveda
1804,Gurmar powder,Sugar control,Ayurvedic,Multiple,Powder,₹100-250,₹80-200,OTC,Ayurveda
1805,Cinnamon 500mg,Blood sugar support,Ayurvedic,Multiple,Capsule,₹80-200,₹64-160,OTC,Ayurveda
1806,Dalchini powder,Metabolic health,Ayurvedic,Multiple,Powder,₹50-120,₹40-96,OTC,Ayurveda
1807,Cinnamomum cassia,Glucose metabolism,Ayurvedic,Multiple,Extract,₹100-250,₹80-200,OTC,Ayurveda
1808,Gokhru 250mg,Kidney health,Ayurvedic,Multiple,Capsule,₹100-250,₹80-200,OTC,Ayurveda
1809,Tribulus terrestris,Urogenital health,Ayurvedic,Multiple,Extract,₹150-400,₹120-320,OTC,Ayurveda
1810,Gokshura powder,Diuretic,Ayurvedic,Multiple,Powder,₹80-200,₹64-160,OTC,Ayurveda
1811,Punarnava 250mg,Kidney support,Ayurvedic,Multiple,Capsule,₹100-250,₹80-200,OTC,Ayurveda
1812,Boerhavia diffusa,Renal health,Ayurvedic,Multiple,Extract,₹150-400,₹120-320,OTC,Ayurveda
1813,Varuna 250mg,Kidney stones,Ayurvedic,Multiple,Capsule,₹120-300,₹96-240,OTC,Ayurveda
1814,Crataeva nurvala,Urinary health,Ayurvedic,Multiple,Extract,₹150-400,₹120-320,OTC,Ayurveda
1815,Shilajit 250mg,Rejuvenative tonic,Ayurvedic,Multiple,Capsule,₹300-800,₹240-640,OTC,Ayurveda
1816,Shilajit resin,Pure mineral pitch,Ayurvedic,Multiple,Resin,₹500-1200,₹400-960,OTC,Ayurveda
1817,Asphaltum,Mineral supplement,Ayurvedic,Multiple,Extract,₹400-1000,₹320-800,OTC,Ayurveda
1818,Safed Musli 250mg,Strength enhancer,Ayurvedic,Multiple,Capsule,₹200-500,₹160-400,OTC,Ayurveda
1819,Chlorophytum borivilianum,Vitality enhancer,Ayurvedic,Multiple,Extract,₹300-800,₹240-640,OTC,Ayurveda
1820,Kaunch Beej 250mg,Vitality support,Ayurvedic,Multiple,Capsule,₹150-400,₹120-320,OTC,Ayurveda
1821,Mucuna pruriens,Dopamine precursor,Ayurvedic,Multiple,Extract,₹200-500,₹160-400,OTC,Ayurveda
1822,Kapikacchu powder,Nerve tonic,Ayurvedic,Multiple,Powder,₹100-250,₹80-200,OTC,Ayurveda
1823,Gokshuradi Guggulu,Urinary disorders,Ayurvedic,Multiple,Tablet,₹150-400,₹120-320,OTC,Ayurveda
1824,Chandraprabha Vati,Urogenital health,Ayurvedic,Multiple,Tablet,₹120-300,₹96-240,OTC,Ayurveda
1825,Punarnavadi Mandur,"Anemia, Kidney health",Ayurvedic,Multiple,Tablet,₹100-250,₹80-200,OTC,Ayurveda
1826,Bangshil,Respiratory health,Ayurvedic,Multiple,Powder,₹80-200,₹64-160,OTC,Ayurveda
1827,Swarna Bhasma,Gold ash,Ayurvedic,Multiple,Powder,₹5000-15000,₹4000-12000,OTC,Ayurveda
1828,Rajat Bhasma,Silver ash,Ayurvedic,Multiple,Powder,₹2000-5000,₹1600-4000,OTC,Ayurveda
1829,Abhrak Bhasma,Mica ash,Ayurvedic,Multiple,Powder,₹1000-2500,₹800-2000,OTC,Ayurveda
1830,Loha Bhasma,Iron ash,Ayurvedic,Multiple,Powder,₹300-800,₹240-640,OTC,Ayurveda
1831,Yasad Bhasma,Zinc ash,Ayurvedic,Multiple,Powder,₹200-500,₹160-400,OTC,Ayurveda
1832,Mandur Bhasma,Iron oxide ash,Ayurvedic,Multiple,Powder,₹150-400,₹120-320,OTC,Ayurveda
1833,Praval Bhasma,Coral ash,Ayurvedic,Multiple,Powder,₹300-800,₹240-640,OTC,Ayurveda
1834,Mukta Bhasma,Pearl ash,Ayurvedic,Multiple,Powder,₹2000-5000,₹1600-4000,OTC,Ayurveda
1835,Kapardak Bhasma,Cowrie shell ash,Ayurvedic,Multiple,Powder,₹200-500,₹160-400,OTC,Ayurveda
1836,Godanti Bhasma,Gypsum ash,Ayurvedic,Multiple,Powder,₹100-250,₹80-200,OTC,Ayurveda
1837,Suvarnamakshik Bhasma,Copper pyrite ash,Ayurvedic,Multiple,Powder,₹500-1200,₹400-960,OTC,Ayurveda
1838,Makardhwaj,Mercury-sulfur compound,Ayurvedic,Multiple,Tablet,₹1000-2500,₹800-2000,OTC,Ayurveda
1839,Siddh Makardhwaj,Processed mercury compound,Ayurvedic,Multiple,Tablet,₹1500-4000,₹1200-3200,OTC,Ayurveda
1840,Ras Sindoor,Mercury-sulfur preparation,Ayurvedic,Multiple,Powder,₹800-2000,₹640-1600,OTC,Ayurveda
1841,Hinguleshwar Ras,Mercury-based formulation,Ayurvedic,Multiple,Tablet,₹500-1200,₹400-960,OTC,Ayurveda
1842,Yogendra Ras,Cardiac tonic,Ayurvedic,Multiple,Tablet,₹800-2000,₹640-1600,OTC,Ayurveda
1843,Hridayarnava Ras,Heart disorders,Ayurvedic,Multiple,Tablet,₹600-1500,₹480-1200,OTC,Ayurveda
1844,Arogyavardhini Vati,Liver disorders,Ayurvedic,Multiple,Tablet,₹100-250,₹80-200,OTC,Ayurveda
1845,Kutki 250mg,Liver support,Ayurvedic,Multiple,Capsule,₹200-500,₹160-400,OTC,Ayurveda
1846,Picrorhiza kurroa,Hepatoprotective,Ayurvedic,Multiple,Extract,₹300-800,₹240-640,OTC,Ayurveda
1847,Kalmegh 250mg,Liver detox,Ayurvedic,Multiple,Capsule,₹100-250,₹80-200,OTC,Ayurveda
1848,Andrographis paniculata,Immunity booster,Ayurvedic,Multiple,Extract,₹150-400,₹120-320,OTC,Ayurveda
1849,Bhumi Amla powder,Hepatitis support,Ayurvedic,Multiple,Powder,₹80-200,₹64-160,OTC,Ayurveda
1850,Phyllanthus niruri,Kidney stone prevention,Ayurvedic,Multiple,Extract,₹150-400,₹120-320,OTC,Ayurveda
1851,Bhuiamalaki tablets,Liver and kidney,Ayurvedic,Multiple,Tablet,₹100-250,₹80-200,OTC,Ayurveda
1852,Liv 52 tablets,Liver tonic,Branded,Himalaya,Tablet,₹120-300,₹96-240,OTC,Ayurveda
1853,Liv 52 DS,Double strength liver,Branded,Himalaya,Tablet,₹200-500,₹160-400,OTC,Ayurveda
1854,Liv 52 syrup,Liver tonic syrup,Branded,Himalaya,Syrup,₹150-400,₹120-320,OTC,Ayurveda
1855,Himcocid tablets,Acidity,Branded,Himalaya,Tablet,₹80-200,₹64-160,OTC,Ayurveda
1856,Gasex tablets,Gas and bloating,Branded,Himalaya,Tablet,₹60-150,₹48-120,OTC,Ayurveda
1857,Tentex Forte,Male vitality,Branded,Himalaya,Tablet,₹200-500,₹160-400,OTC,Ayurveda
1858,Tentex Royal,Stamina enhancer,Branded,Himalaya,Capsule,₹300-800,₹240-640,OTC,Ayurveda
1859,Confido tablets,Male reproductive health,Branded,Himalaya,Tablet,₹150-400,₹120-320,OTC,Ayurveda
1860,Septilin tablets,Immunity booster,Branded,Himalaya,Tablet,₹120-300,₹96-240,OTC,Ayurveda
1861,Septilin syrup,Immune support,Branded,Himalaya,Syrup,₹100-250,₹80-200,OTC,Ayurveda
1862,Mentat tablets,Mental alertness,Branded,Himalaya,Tablet,₹150-400,₹120-320,OTC,Ayurveda
1863,Mentat syrup,Brain tonic,Branded,Himalaya,Syrup,₹120-300,₹96-240,OTC,Ayurveda
1864,Bonnisan drops,Infant colic,Branded,Himalaya,Drops,₹80-200,₹64-160,OTC,Ayurveda
1865,Geriforte tablets,Anti-aging,Branded,Himalaya,Tablet,₹150-400,₹120-320,OTC,Ayurveda
1866,StressCare,Stress management,Branded,Himalaya,Capsule,₹200-500,₹160-400,OTC,Ayurveda
1867,Bresol tablets,Respiratory health,Branded,Himalaya,Tablet,₹120-300,₹96-240,OTC,Ayurveda
1868,Cystone tablets,Kidney stone prevention,Branded,Himalaya,Tablet,₹150-400,₹120-320,OTC,Ayurveda
1869,Renalka syrup,Kidney health,Branded,Himalaya,Syrup,₹120-300,₹96-240,OTC,Ayurveda
1870,Diabecon tablets,Diabetes management,Branded,Himalaya,Tablet,₹200-500,₹160-400,OTC,Ayurveda
1871,Diabecon DS,Double strength diabetes,Branded,Himalaya,Tablet,₹300-800,₹240-640,OTC,Ayurveda
1872,Karela tablets,Blood sugar control,Branded,Himalaya,Tablet,₹100-250,₹80-200,OTC,Ayurveda
1873,Gymnema tablets,Sugar destroyer,Branded,Himalaya,Tablet,₹150-400,₹120-320,OTC,Ayurveda
1874,Arjuna tablets,Heart health,Branded,Himalaya,Tablet,₹120-300,₹96-240,OTC,Ayurveda
1875,Abana tablets,Cardiovascular health,Branded,Himalaya,Tablet,₹150-400,₹120-320,OTC,Ayurveda
1876,Lasuna tablets,Cholesterol management,Branded,Himalaya,Tablet,₹100-250,₹80-200,OTC,Ayurveda
1877,Guggul tablets,Cholesterol control,Branded,Himalaya,Tablet,₹120-300,₹96-240,OTC,Ayurveda
1878,Meshashringi tablets,Diabetes support,Branded,Himalaya,Tablet,₹150-400,₹120-320,OTC,Ayurveda
1879,Tagara tablets,Natural sleep aid,Branded,Himalaya,Tablet,₹100-250,₹80-200,OTC,Ayurveda
1880,Jatamansi tablets,Stress and anxiety,Branded,Himalaya,Tablet,₹120-300,₹96-240,OTC,Ayurveda
1881,Brahmi tablets,Memory enhancement,Branded,Himalaya,Tablet,₹100-250,₹80-200,OTC,Ayurveda
1882,Shankhpushpi tablets,Brain tonic,Branded,Himalaya,Tablet,₹120-300,₹96-240,OTC,Ayurveda
1883,Mandukaparni tablets,Cognitive support,Branded,Himalaya,Tablet,₹100-250,₹80-200,OTC,Ayurveda
1884,Ashwagandha tablets,Stress relief,Branded,Himalaya,Tablet,₹150-400,₹120-320,OTC,Ayurveda
1885,Arnica 30C,"Trauma, Bruising",Homeopathic,Multiple,Pills,₹50-150,₹40-120,OTC,Homeopathy
1886,Arnica 200C,Severe trauma,Homeopathic,Multiple,Pills,₹80-200,₹64-160,OTC,Homeopathy
1887,Arnica Montana Q,Mother tincture,Homeopathic,Multiple,Liquid,₹100-250,₹80-200,OTC,Homeopathy
1888,Belladonna 30C,"Fever, Inflammation",Homeopathic,Multiple,Pills,₹50-150,₹40-120,OTC,Homeopathy
1889,Belladonna 200C,High fever,Homeopathic,Multiple,Pills,₹80-200,₹64-160,OTC,Homeopathy
1890,Bryonia 30C,"Dry cough, Joint pain",Homeopathic,Multiple,Pills,₹50-150,₹40-120,OTC,Homeopathy
1891,Bryonia 200C,Severe joint pain,Homeopathic,Multiple,Pills,₹80-200,₹64-160,OTC,Homeopathy
1892,Rhus Tox 30C,Joint stiffness,Homeopathic,Multiple,Pills,₹50-150,₹40-120,OTC,Homeopathy
1893,Rhus Toxicodendron 200C,Rheumatism,Homeopathic,Multiple,Pills,₹80-200,₹64-160,OTC,Homeopathy
1894,Apis Mel 30C,"Swelling, Allergy",Homeopathic,Multiple,Pills,₹50-150,₹40-120,OTC,Homeopathy
1895,Apis Mellifica 200C,Severe allergic reactions,Homeopathic,Multiple,Pills,₹80-200,₹64-160,OTC,Homeopathy
1896,Nux Vomica 30C,Digestive disorders,Homeopathic,Multiple,Pills,₹50-150,₹40-120,OTC,Homeopathy
1897,Nux Vomica 200C,Severe indigestion,Homeopathic,Multiple,Pills,₹80-200,₹64-160,OTC,Homeopathy
1898,Lycopodium 30C,"Bloating, Liver issues",Homeopathic,Multiple,Pills,₹50-150,₹40-120,OTC,Homeopathy
1899,Lycopodium 200C,Chronic digestive issues,Homeopathic,Multiple,Pills,₹80-200,₹64-160,OTC,Homeopathy
1900,Pulsatilla 30C,Hormonal issues,Homeopathic,Multiple,Pills,₹50-150,₹40-120,OTC,Homeopathy
1901,Pulsatilla 200C,Menstrual disorders,Homeopathic,Multiple,Pills,₹80-200,₹64-160,OTC,Homeopathy
1902,Sulphur 30C,Skin conditions,Homeopathic,Multiple,Pills,₹50-150,₹40-120,OTC,Homeopathy
1903,Sulphur 200C,Chronic skin disorders,Homeopathic,Multiple,Pills,₹80-200,₹64-160,OTC,Homeopathy
1904,Calcarea Carb 30C,Bone health,Homeopathic,Multiple,Pills,₹50-150,₹40-120,OTC,Homeopathy
1905,Calcarea Carbonica 200C,Constitutional remedy,Homeopathic,Multiple,Pills,₹80-200,₹64-160,OTC,Homeopathy
1906,Phosphorus 30C,Respiratory issues,Homeopathic,Multiple,Pills,₹50-150,₹40-120,OTC,Homeopathy
1907,Phosphorus 200C,Bleeding tendencies,Homeopathic,Multiple,Pills,₹80-200,₹64-160,OTC,Homeopathy
1908,Silicea 30C,"Immunity, Skin health",Homeopathic,Multiple,Pills,₹50-150,₹40-120,OTC,Homeopathy
1909,Silicea 200C,Chronic infections,Homeopathic,Multiple,Pills,₹80-200,₹64-160,OTC,Homeopathy
1910,Natrum Mur 30C,"Depression, Headaches",Homeopathic,Multiple,Pills,₹50-150,₹40-120,OTC,Homeopathy
1911,Natrum Muriaticum 200C,Chronic depression,Homeopathic,Multiple,Pills,₹80-200,₹64-160,OTC,Homeopathy
1912,Sepia 30C,Female hormonal issues,Homeopathic,Multiple,Pills,₹50-150,₹40-120,OTC,Homeopathy
1913,Sepia 200C,Menopause symptoms,Homeopathic,Multiple,Pills,₹80-200,₹64-160,OTC,Homeopathy
1914,Lachesis 30C,"Menopause, Circulation",Homeopathic,Multiple,Pills,₹60-180,₹48-144,OTC,Homeopathy
1915,Lachesis 200C,Severe menopausal symptoms,Homeopathic,Multiple,Pills,₹100-250,₹80-200,OTC,Homeopathy
1916,Ignatia 30C,"Grief, Emotional trauma",Homeopathic,Multiple,Pills,₹50-150,₹40-120,OTC,Homeopathy
1917,Ignatia 200C,Severe emotional distress,Homeopathic,Multiple,Pills,₹80-200,₹64-160,OTC,Homeopathy
1918,Arsenicum Album 30C,"Anxiety, Gastro issues",Homeopathic,Multiple,Pills,₹50-150,₹40-120,OTC,Homeopathy
1919,Arsenicum Album 200C,Severe anxiety,Homeopathic,Multiple,Pills,₹80-200,₹64-160,OTC,Homeopathy
1920,Thuja 30C,"Warts, Skin growths",Homeopathic,Multiple,Pills,₹60-180,₹48-144,OTC,Homeopathy
1921,Thuja 200C,Chronic skin conditions,Homeopathic,Multiple,Pills,₹100-250,₹80-200,OTC,Homeopathy
1922,Graphites 30C,"Skin conditions, Obesity",Homeopathic,Multiple,Pills,₹50-150,₹40-120,OTC,Homeopathy
1923,Graphites 200C,Chronic eczema,Homeopathic,Multiple,Pills,₹80-200,₹64-160,OTC,Homeopathy
1924,Hepar Sulph 30C,"Infections, Abscesses",Homeopathic,Multiple,Pills,₹50-150,₹40-120,OTC,Homeopathy
1925,Hepar Sulphuris 200C,Chronic infections,Homeopathic,Multiple,Pills,₹80-200,₹64-160,OTC,Homeopathy
1926,Mercurius Sol 30C,"Mouth ulcers, Infections",Homeopathic,Multiple,Pills,₹50-150,₹40-120,OTC,Homeopathy
1927,Mercurius Solubilis 200C,Chronic ulcerations,Homeopathic,Multiple,Pills,₹80-200,₹64-160,OTC,Homeopathy
1928,Kali Carb 30C,Respiratory issues,Homeopathic,Multiple,Pills,₹50-150,₹40-120,OTC,Homeopathy
1929,Kali Carbonicum 200C,Chronic asthma,Homeopathic,Multiple,Pills,₹80-200,₹64-160,OTC,Homeopathy
1930,Ruta 30C,Tendon injuries,Homeopathic,Multiple,Pills,₹50-150,₹40-120,OTC,Homeopathy
1931,Ruta Graveolens 200C,Chronic tendon pain,Homeopathic,Multiple,Pills,₹80-200,₹64-160,OTC,Homeopathy
1932,Symphytum 30C,Bone healing,Homeopathic,Multiple,Pills,₹50-150,₹40-120,OTC,Homeopathy
1933,Symphytum 200C,Slow healing fractures,Homeopathic,Multiple,Pills,₹80-200,₹64-160,OTC,Homeopathy
1934,Calendula 30C,Wound healing,Homeopathic,Multiple,Pills,₹50-150,₹40-120,OTC,Homeopathy
1935,Calendula Q,External wound healing,Homeopathic,Multiple,Liquid,₹80-200,₹64-160,OTC,Homeopathy
1936,Hypericum 30C,Nerve injuries,Homeopathic,Multiple,Pills,₹50-150,₹40-120,OTC,Homeopathy
1937,Hypericum 200C,Severe nerve pain,Homeopathic,Multiple,Pills,₹80-200,₹64-160,OTC,Homeopathy
1938,Ledum 30C,Puncture wounds,Homeopathic,Multiple,Pills,₹50-150,₹40-120,OTC,Homeopathy
1939,Ledum Palustre 200C,Deep puncture wounds,Homeopathic,Multiple,Pills,₹80-200,₹64-160,OTC,Homeopathy
1940,Staphysagria 30C,Surgical wounds,Homeopathic,Multiple,Pills,₹50-150,₹40-120,OTC,Homeopathy
1941,Staphysagria 200C,Post-surgical healing,Homeopathic,Multiple,Pills,₹80-200,₹64-160,OTC,Homeopathy
1942,Carbo Veg 30C,Digestive issues,Homeopathic,Multiple,Pills,₹50-150,₹40-120,OTC,Homeopathy
1943,Carbo Vegetabilis 200C,Chronic indigestion,Homeopathic,Multiple,Pills,₹80-200,₹64-160,OTC,Homeopathy
1944,China 30C,Weakness after fluid loss,Homeopathic,Multiple,Pills,₹50-150,₹40-120,OTC,Homeopathy
1945,China Officinalis 200C,Chronic weakness,Homeopathic,Multiple,Pills,₹80-200,₹64-160,OTC,Homeopathy
1946,Aconitum 30C,"Acute fever, Shock",Homeopathic,Multiple,Pills,₹50-150,₹40-120,OTC,Homeopathy
1947,Aconitum Napellus 200C,Acute panic attacks,Homeopathic,Multiple,Pills,₹80-200,₹64-160,OTC,Homeopathy
1948,Chamomilla 30C,"Teething, Irritability",Homeopathic,Multiple,Pills,₹50-150,₹40-120,OTC,Homeopathy
1949,Chamomilla 200C,Severe irritability,Homeopathic,Multiple,Pills,₹80-200,₹64-160,OTC,Homeopathy
1950,Coffea Cruda 30C,Insomnia,Homeopathic,Multiple,Pills,₹50-150,₹40-120,OTC,Homeopathy
1951,Coffea Cruda 200C,Severe insomnia,Homeopathic,Multiple,Pills,₹80-200,₹64-160,OTC,Homeopathy
1952,Gelsemium 30C,"Flu, Anxiety",Homeopathic,Multiple,Pills,₹50-150,₹40-120,OTC,Homeopathy
1953,Gelsemium 200C,Severe flu symptoms,Homeopathic,Multiple,Pills,₹80-200,₹64-160,OTC,Homeopathy
1954,Ipecac 30C,"Nausea, Vomiting",Homeopathic,Multiple,Pills,₹50-150,₹40-120,OTC,Homeopathy
1955,Ipecacuanha 200C,Severe nausea,Homeopathic,Multiple,Pills,₹80-200,₹64-160,OTC,Homeopathy
1956,Drosera 30C,Whooping cough,Homeopathic,Multiple,Pills,₹50-150,₹40-120,OTC,Homeopathy
1957,Drosera 200C,Chronic cough,Homeopathic,Multiple,Pills,₹80-200,₹64-160,OTC,Homeopathy
1958,Rumex Crispus 30C,Dry cough,Homeopathic,Multiple,Pills,₹50-150,₹40-120,OTC,Homeopathy
1959,Rumex Crispus 200C,Persistent dry cough,Homeopathic,Multiple,Pills,₹80-200,₹64-160,OTC,Homeopathy
1960,Antimonium Tart 30C,Rattling cough,Homeopathic,Multiple,Pills,₹50-150,₹40-120,OTC,Homeopathy
1961,Antimonium Tartaricum 200C,Chronic bronchitis,Homeopathic,Multiple,Pills,₹80-200,₹64-160,OTC,Homeopathy
1962,Allium Cepa 30C,"Cold, Runny nose",Homeopathic,Multiple,Pills,₹50-150,₹40-120,OTC,Homeopathy
1963,Allium Cepa 200C,Severe cold symptoms,Homeopathic,Multiple,Pills,₹80-200,₹64-160,OTC,Homeopathy
1964,Euphorbium nasal spray,Sinusitis,Homeopathic,Multiple,Spray,₹200-500,₹160-400,OTC,Homeopathy
1965,Kali Bichromicum 30C,"Sinusitis, Thick discharge",Homeopathic,Multiple,Pills,₹50-150,₹40-120,OTC,Homeopathy
1966,Kali Bichromicum 200C,Chronic sinusitis,Homeopathic,Multiple,Pills,₹80-200,₹64-160,OTC,Homeopathy
1967,Spongia 30C,"Dry cough, Croup",Homeopathic,Multiple,Pills,₹50-150,₹40-120,OTC,Homeopathy
1968,Spongia Tosta 200C,Chronic croup,Homeopathic,Multiple,Pills,₹80-200,₹64-160,OTC,Homeopathy
1969,Sabina 30C,Uterine bleeding,Homeopathic,Multiple,Pills,₹60-180,₹48-144,OTC,Homeopathy
1970,Sabina 200C,Severe uterine bleeding,Homeopathic,Multiple,Pills,₹100-250,₹80-200,OTC,Homeopathy
1971,Caulophyllum 30C,Labor pains,Homeopathic,Multiple,Pills,₹60-180,₹48-144,OTC,Homeopathy
1972,Caulophyllum 200C,Difficult labor,Homeopathic,Multiple,Pills,₹100-250,₹80-200,OTC,Homeopathy
1973,Cimicifuga 30C,Menstrual cramps,Homeopathic,Multiple,Pills,₹60-180,₹48-144,OTC,Homeopathy
1974,Cimicifuga 200C,Severe menstrual pain,Homeopathic,Multiple,Pills,₹100-250,₹80-200,OTC,Homeopathy
1975,Berberis Vulgaris 30C,Kidney stones,Homeopathic,Multiple,Pills,₹50-150,₹40-120,OTC,Homeopathy
1976,Berberis Vulgaris Q,Kidney stone tincture,Homeopathic,Multiple,Liquid,₹80-200,₹64-160,OTC,Homeopathy
1977,Cantharis 30C,Urinary tract infections,Homeopathic,Multiple,Pills,₹50-150,₹40-120,OTC,Homeopathy
1978,Cantharis 200C,Severe UTI,Homeopathic,Multiple,Pills,₹80-200,₹64-160,OTC,Homeopathy
1979,Sabal Serrulata 30C,Prostate enlargement,Homeopathic,Multiple,Pills,₹60-180,₹48-144,OTC,Homeopathy
1980,Sabal Serrulata Q,Prostate tincture,Homeopathic,Multiple,Liquid,₹100-250,₹80-200,OTC,Homeopathy
1981,Lycopersicon 30C,Prostate issues,Homeopathic,Multiple,Pills,₹60-180,₹48-144,OTC,Homeopathy
1982,Conium 30C,Prostate hardening,Homeopathic,Multiple,Pills,₹60-180,₹48-144,OTC,Homeopathy
1983,Ferrum Met 30C,"Anemia, Weakness",Homeopathic,Multiple,Pills,₹50-150,₹40-120,OTC,Homeopathy
1984,Ferrum Metallicum 200C,Severe anemia,Homeopathic,Multiple,Pills,₹80-200,₹64-160,OTC,Homeopathy
1985,Ferrum Phos 6X,Biochemic iron,Homeopathic,Multiple,Tablets,₹60-180,₹48-144,OTC,Homeopathy
1986,Kali Phos 6X,Mental fatigue,Homeopathic,Multiple,Tablets,₹60-180,₹48-144,OTC,Homeopathy
1987,Calc Phos 6X,Bone development,Homeopathic,Multiple,Tablets,₹60-180,₹48-144,OTC,Homeopathy
1988,Mag Phos 6X,Muscle cramps,Homeopathic,Multiple,Tablets,₹60-180,₹48-144,OTC,Homeopathy
1989,Nat Phos 6X,Acidity,Homeopathic,Multiple,Tablets,₹60-180,₹48-144,OTC,Homeopathy
1990,Nat Sulph 6X,Water retention,Homeopathic,Multiple,Tablets,₹60-180,₹48-144,OTC,Homeopathy
1991,Kali Sulph 6X,Skin conditions,Homeopathic,Multiple,Tablets,₹60-180,₹48-144,OTC,Homeopathy
1992,Calc Sulph 6X,Wound healing,Homeopathic,Multiple,Tablets,₹60-180,₹48-144,OTC,Homeopathy
1993,Calc Fluor 6X,Elastic tissue health,Homeopathic,Multiple,Tablets,₹60-180,₹48-144,OTC,Homeopathy
1994,Nat Mur 6X,Water balance,Homeopathic,Multiple,Tablets,₹60-180,₹48-144,OTC,Homeopathy
1995,Silicea 6X,"Hair, skin, nails",Homeopathic,Multiple,Tablets,₹60-180,₹48-144,OTC,Homeopathy
1996,Bio Combination 1,Anemia,Homeopathic,Multiple,Tablets,₹80-200,₹64-160,OTC,Homeopathy
1997,Bio Combination 2,Asthma,Homeopathic,Multiple,Tablets,₹80-200,₹64-160,OTC,Homeopathy
1998,Bio Combination 3,Colic,Homeopathic,Multiple,Tablets,₹80-200,₹64-160,OTC,Homeopathy
1999,Bio Combination 4,Constipation,Homeopathic,Multiple,Tablets,₹80-200,₹64-160,OTC,Homeopathy
2000,Bio Combination 5,Coryza,Homeopathic,Multiple,Tablets,₹80-200,₹64-160,OTC,Homeopathy
2001,Bio Combination 6,Cough,Homeopathic,Multiple,Tablets,₹80-200,₹64-160,OTC,Homeopathy
2002,Bio Combination 7,Diabetes,Homeopathic,Multiple,Tablets,₹80-200,₹64-160,OTC,Homeopathy
2003,Bio Combination 8,Diarrhea,Homeopathic,Multiple,Tablets,₹80-200,₹64-160,OTC,Homeopathy
2004,Bio Combination 9,Dysentery,Homeopathic,Multiple,Tablets,₹80-200,₹64-160,OTC,Homeopathy
2005,Bio Combination 10,Enlarged tonsils,Homeopathic,Multiple,Tablets,₹80-200,₹64-160,OTC,Homeopathy
2006,Paracetamol 500mg,"Fever, Pain",Generic,Multiple,Tablet,₹8-20,₹6-16,OTC,OTC Products
2007,Paracetamol 650mg,Adult fever,Generic,Multiple,Tablet,₹12-30,₹10-24,OTC,OTC Products
2008,Crocin 500mg,"Fever, Pain",Branded,GSK,Tablet,₹15-40,₹12-32,OTC,OTC Products
2009,Crocin Advance,Fast relief,Branded,GSK,Tablet,₹25-60,₹20-48,OTC,OTC Products
2010,Dolo 500mg,Pain relief,Branded,Micro Labs,Tablet,₹12-30,₹10-24,OTC,OTC Products
2011,Dolo 650mg,Adult pain relief,Branded,Micro Labs,Tablet,₹15-40,₹12-32,OTC,OTC Products
2012,Metacin 500mg,Fever reducer,Branded,Multiple,Tablet,₹10-25,₹8-20,OTC,OTC Products
2013,Pyrigesic 500mg,Analgesic,Branded,Multiple,Tablet,₹12-30,₹10-24,OTC,OTC Products
2014,Ibuprofen 200mg,"Pain, Inflammation",Generic,Multiple,Tablet,₹15-40,₹12-32,OTC,OTC Products
2015,Ibuprofen 400mg,Severe pain,Generic,Multiple,Tablet,₹25-60,₹20-48,OTC,OTC Products
2016,Brufen 200mg,Pain relief,Branded,Abbott,Tablet,₹20-50,₹16-40,OTC,OTC Products
2017,Brufen 400mg,Anti-inflammatory,Branded,Abbott,Tablet,₹35-80,₹28-64,OTC,OTC Products
2018,Combiflam,Pain + Inflammation,Branded,Sanofi,Tablet,₹30-80,₹24-64,OTC,OTC Products
2019,Ibugesic Plus,Ibuprofen + Paracetamol,Branded,Cipla,Tablet,₹25-60,₹20-48,OTC,OTC Products
2020,Aspirin 75mg,Cardioprotective,Generic,Multiple,Tablet,₹8-20,₹6-16,OTC,OTC Products
2021,Aspirin 325mg,"Pain, Fever",Generic,Multiple,Tablet,₹10-25,₹8-20,OTC,OTC Products
2022,Disprin,Soluble aspirin,Branded,Reckitt,Tablet,₹15-40,₹12-32,OTC,OTC Products
2023,Ecosprin 75mg,Heart protection,Branded,USV,Tablet,₹12-30,₹10-24,OTC,OTC Products
2024,Ecosprin 325mg,Adult aspirin,Branded,USV,Tablet,₹15-40,₹12-32,OTC,OTC Products
2025,Diclofenac gel,Topical pain relief,Generic,Multiple,Gel,₹40-100,₹32-80,OTC,OTC Products
2026,Volini gel,Muscle pain,Branded,Ranbaxy,Gel,₹60-150,₹48-120,OTC,OTC Products
2027,Volini spray,Instant relief,Branded,Ranbaxy,Spray,₹80-200,₹64-160,OTC,OTC Products
2028,Moov cream,Ayurvedic pain relief,Branded,Reckitt,Cream,₹50-120,₹40-96,OTC,OTC Products
2029,Moov spray,Fast action,Branded,Reckitt,Spray,₹80-200,₹64-160,OTC,OTC Products
2030,Iodex,Muscle pain balm,Branded,GSK,Balm,₹40-100,₹32-80,OTC,OTC Products
2031,Zandu Balm,Ayurvedic balm,Branded,Emami,Balm,₹30-80,₹24-64,OTC,OTC Products
2032,Tiger Balm,Traditional balm,Branded,Multiple,Balm,₹50-120,₹40-96,OTC,OTC Products
2033,Amrutanjan,Headache balm,Branded,Multiple,Balm,₹25-60,₹20-48,OTC,OTC Products
2034,Omnigel,Diclofenac gel,Branded,Multiple,Gel,₹60-150,₹48-120,OTC,OTC Products
2035,Fastrelief gel,Quick pain relief,Branded,Multiple,Gel,₹50-120,₹40-96,OTC,OTC Products
2036,Cetirizine 10mg,Allergy relief,Generic,Multiple,Tablet,₹8-20,₹6-16,OTC,OTC Products
2037,Zyrtec 10mg,Allergy,Branded,J&J,Tablet,₹25-60,₹20-48,OTC,OTC Products
2038,Allegra 120mg,Non-drowsy allergy,Branded,Sanofi,Tablet,₹40-100,₹32-80,OTC,OTC Products
2039,Allegra 180mg,Severe allergies,Branded,Sanofi,Tablet,₹50-120,₹40-96,OTC,OTC Products
2040,Avil 25mg,"Allergy, Itching",Branded,Aventis,Tablet,₹15-40,₹12-32,OTC,OTC Products
2041,Benadryl cough syrup,Cough relief,Branded,J&J,Syrup,₹50-120,₹40-96,OTC,OTC Products
2042,Benadryl DR,Dry cough,Branded,J&J,Syrup,₹60-150,₹48-120,OTC,OTC Products
2043,Glycodin cough syrup,Productive cough,Branded,Multiple,Syrup,₹40-100,₹32-80,OTC,OTC Products
2044,Corex cough syrup,Dry cough,Branded,Multiple,Syrup,₹50-120,₹40-96,OTC,OTC Products
2045,Alex cough syrup,Multi-symptom cold,Branded,Multiple,Syrup,₹45-110,₹36-88,OTC,OTC Products
2046,Honitus cough drops,Herbal cough relief,Branded,Dabur,Drops,₹20-50,₹16-40,OTC,OTC Products
2047,Strepsils lozenges,Sore throat,Branded,Reckitt,Lozenge,₹30-80,₹24-64,OTC,OTC Products
2048,Strepsils Plus,Numbing throat relief,Branded,Reckitt,Lozenge,₹40-100,₹32-80,OTC,OTC Products
2049,Betadine gargle,Antiseptic gargle,Branded,Mundipharma,Gargle,₹50-120,₹40-96,OTC,OTC Products
2050,Tantum gargle,Anti-inflammatory gargle,Branded,Multiple,Gargle,₹60-150,₹48-120,OTC,OTC Products
2051,Vicks VapoRub,Chest congestion,Branded,P&G,Balm,₹50-120,₹40-96,OTC,OTC Products
2052,Vicks Inhaler,Nasal congestion,Branded,P&G,Inhaler,₹25-60,₹20-48,OTC,OTC Products
2053,Vicks Action 500,Cold & flu,Branded,P&G,Tablet,₹30-80,₹24-64,OTC,OTC Products
2054,Otrivin nasal drops,Nasal decongestant,Branded,GSK,Drops,₹60-150,₹48-120,OTC,OTC Products
2055,Nasivion drops,Nasal congestion,Branded,Merck,Drops,₹40-100,₹32-80,OTC,OTC Products
2056,Sinarest tablet,Cold & sinus,Branded,Centaur,Tablet,₹25-60,₹20-48,OTC,OTC Products
2057,Coldact tablet,Cold relief,Branded,Multiple,Tablet,₹20-50,₹16-40,OTC,OTC Products
2058,D-Cold Total,Multi-symptom cold,Branded,Multiple,Tablet,₹30-80,₹24-64,OTC,OTC Products
2059,Pudin Hara,Digestive relief,Branded,Dabur,Liquid,₹40-100,₹32-80,OTC,OTC Products
2060,Pudin Hara pearls,Digestive capsules,Branded,Dabur,Capsule,₹50-120,₹40-96,OTC,OTC Products
2061,Eno fruit salt,Antacid,Branded,GSK,Powder,₹30-80,₹24-64,OTC,OTC Products
2062,Eno lemon,Lemon antacid,Branded,GSK,Powder,₹25-60,₹20-48,OTC,OTC Products
2063,Gelusil antacid,Acid neutralizer,Branded,Pfizer,Liquid,₹50-120,₹40-96,OTC,OTC Products
2064,Gelusil tablets,Chewable antacid,Branded,Pfizer,Tablet,₹30-80,₹24-64,OTC,OTC Products
2065,Digene gel,Antacid gel,Branded,Abbott,Gel,₹40-100,₹32-80,OTC,OTC Products
2066,Digene tablets,Antacid tablets,Branded,Abbott,Tablet,₹25-60,₹20-48,OTC,OTC Products
2067,Hajmola,Digestive tablets,Branded,Dabur,Tablet,₹15-40,₹12-32,OTC,OTC Products
2068,Hajmola Imli,Tamarind digestive,Branded,Dabur,Tablet,₹15-40,₹12-32,OTC,OTC Products
2069,Cremaffin syrup,Laxative,Branded,Abbott,Syrup,₹80-200,₹64-160,OTC,OTC Products
2070,Cremaffin Plus,Laxative with antacid,Branded,Abbott,Syrup,₹100-250,₹80-200,OTC,OTC Products
2071,Dulcolax tablets,Constipation relief,Branded,Boehringer,Tablet,₹50-120,₹40-96,OTC,OTC Products
2072,Softovac powder,Bulk-forming laxative,Branded,Multiple,Powder,₹80-200,₹64-160,OTC,OTC Products
2073,Isabgol (Psyllium),Natural fiber,Generic,Multiple,Powder,₹40-100,₹32-80,OTC,OTC Products
2074,Sat Isabgol,Pure psyllium,Branded,Multiple,Powder,₹50-120,₹40-96,OTC,OTC Products
2075,Imodium tablets,Diarrhea relief,Branded,J&J,Tablet,₹80-200,₹64-160,OTC,OTC Products
2076,Eldoper capsules,Anti-diarrheal,Branded,Multiple,Capsule,₹60-150,₹48-120,OTC,OTC Products
2077,ORS packets,Oral rehydration,Generic,Multiple,Powder,₹5-15,₹4-12,OTC,OTC Products
2078,Electral powder,Rehydration solution,Branded,FDC,Powder,₹8-20,₹6-16,OTC,OTC Products
2079,Electral ready,Ready-to-drink ORS,Branded,FDC,Liquid,₹25-60,₹20-48,OTC,OTC Products
2080,Vitamin C 500mg,Immunity support,Generic,Multiple,Tablet,₹20-50,₹16-40,OTC,OTC Products
2081,Limcee 500mg,Vitamin C,Branded,Abbott,Tablet,₹30-80,₹24-64,OTC,OTC Products
2082,Limcee chewable,Chewable vitamin C,Branded,Abbott,Tablet,₹40-100,₹32-80,OTC,OTC Products
2083,Celin 500mg,Vitamin C,Branded,GSK,Tablet,₹25-60,₹20-48,OTC,OTC Products
2084,Redoxon,Effervescent vitamin C,Branded,Bayer,Tablet,₹80-200,₹64-160,OTC,OTC Products
2085,Supradyn tablets,Multivitamin,Branded,Bayer,Tablet,₹150-400,₹120-320,OTC,OTC Products
2086,Supradyn Daily,Daily multivitamin,Branded,Bayer,Tablet,₹200-500,₹160-400,OTC,OTC Products
2087,Becadexamin,B-complex + C,Branded,Multiple,Capsule,₹50-120,₹40-96,OTC,OTC Products
2088,Revital capsules,Energy supplement,Branded,Ranbaxy,Capsule,₹200-500,₹160-400,OTC,OTC Products
2089,Revital H,Men's multivitamin,Branded,Ranbaxy,Capsule,₹250-600,₹200-480,OTC,OTC Products
2090,Revital Woman,Women's multivitamin,Branded,Ranbaxy,Capsule,₹250-600,₹200-480,OTC,OTC Products
2091,A to Z tablets,Complete nutrition,Branded,Alkem,Tablet,₹100-250,₹80-200,OTC,OTC Products
2092,Zincovit syrup,Multivitamin syrup,Branded,Apex,Syrup,₹80-200,₹64-160,OTC,OTC Products
2093,Zincovit tablets,Multivitamin tablets,Branded,Apex,Tablet,₹100-250,₹80-200,OTC,OTC Products
2094,Neurobion Forte,Neurotropic vitamins,Branded,Merck,Tablet,₹80-200,₹64-160,OTC,OTC Products
2095,Neurobion injection,B-complex injection,Branded,Merck,Injection,₹50-150,₹40-120,Prescription,OTC Products
2096,Vitamin D3 1000 IU,Bone health,Generic,Multiple,Tablet,₹30-80,₹24-64,OTC,OTC Products
2097,Vitamin D3 2000 IU,Deficiency treatment,Generic,Multiple,Tablet,₹50-120,₹40-96,OTC,OTC Products
2098,Uprise D3 1000,Vitamin D3,Branded,Alkem,Tablet,₹40-100,₹32-80,OTC,OTC Products
2099,Uprise D3 2000,High-dose D3,Branded,Alkem,Tablet,₹60-150,₹48-120,OTC,OTC Products
2100,Calcimax 500,Calcium supplement,Branded,Multiple,Tablet,₹50-120,₹40-96,OTC,OTC Products
2101,Shelcal 500,Calcium + D3,Branded,Elder,Tablet,₹80-200,₹64-160,OTC,OTC Products
2102,Shelcal CT,Calcium + Calcitriol,Branded,Elder,Tablet,₹150-400,₹120-320,OTC,OTC Products
2103,Calcimax Plus,Calcium complex,Branded,Multiple,Tablet,₹100-250,₹80-200,OTC,OTC Products
2104,Iron tablets,Iron deficiency,Generic,Multiple,Tablet,₹15-40,₹12-32,OTC,OTC Products
2105,Fefol capsules,Iron + Folic acid,Branded,GSK,Capsule,₹60-150,₹48-120,OTC,OTC Products
2106,Orofer XT,Iron supplement,Branded,Emcure,Tablet,₹80-200,₹64-160,OTC,OTC Products
2107,Zinco syrup,Zinc supplement,Branded,Multiple,Syrup,₹50-120,₹40-96,OTC,OTC Products
2108,Zinc tablets 10mg,Zinc deficiency,Generic,Multiple,Tablet,₹20-50,₹16-40,OTC,OTC Products
2109,Protein powder,Muscle building,Generic,Multiple,Powder,₹800-2000,₹640-1600,OTC,OTC Products
2110,Whey protein isolate,High-quality protein,Generic,Multiple,Powder,₹1500-4000,₹1200-3200,OTC,OTC Products
2111,Protinex,Nutritional supplement,Branded,Danone,Powder,₹300-800,₹240-640,OTC,OTC Products
2112,Bournvita,Malted health drink,Branded,Mondelez,Powder,₹200-500,₹160-400,OTC,OTC Products
2113,Horlicks,Health drink,Branded,GSK,Powder,₹200-500,₹160-400,OTC,OTC Products
2114,Complan,Nutritional drink,Branded,HUL,Powder,₹250-600,₹200-480,OTC,OTC Products
2115,Ensure,Adult nutrition,Branded,Abbott,Powder,₹800-2000,₹640-1600,OTC,OTC Products
2116,Pediasure,Child nutrition,Branded,Abbott,Powder,₹1000-2500,₹800-2000,OTC,OTC Products
2117,Glucon-D,Instant energy,Branded,Heinz,Powder,₹50-120,₹40-96,OTC,OTC Products
2118,Glucon-C,Vitamin C drink,Branded,Heinz,Powder,₹60-150,₹48-120,OTC,OTC Products
2119,Tang,Instant drink mix,Branded,Mondelez,Powder,₹50-120,₹40-96,OTC,OTC Products
2120,Rasna,Flavored drink concentrate,Branded,Multiple,Concentrate,₹40-100,₹32-80,OTC,OTC Products
2121,Nicotine gum 2mg,Smoking cessation,Generic,Multiple,Gum,₹200-500,₹160-400,OTC,OTC Products
2122,Nicotine gum 4mg,Heavy smokers,Generic,Multiple,Gum,₹300-800,₹240-640,OTC,OTC Products
2123,Nicotine patches,Quit smoking,Generic,Multiple,Patch,₹500-1200,₹400-960,OTC,OTC Products
2124,Nicorette gum,Smoking cessation,Branded,J&J,Gum,₹400-1000,₹320-800,OTC,OTC Products
2125,Pregnancy test kit,Pregnancy detection,Generic,Multiple,Kit,₹50-150,₹40-120,OTC,OTC Products
2126,i-Can pregnancy test,Home pregnancy test,Branded,Multiple,Kit,₹80-200,₹64-160,OTC,OTC Products
2127,Ovulation test kit,Fertility tracking,Generic,Multiple,Kit,₹200-500,₹160-400,OTC,OTC Products
2128,Glucose test strips,Blood sugar monitoring,Generic,Multiple,Strips,₹300-800,₹240-640,OTC,OTC Products
2129,Blood glucose meter,Diabetes monitoring,Generic,Multiple,Device,₹800-2000,₹640-1600,OTC,OTC Products
2130,Digital thermometer,Temperature measurement,Generic,Multiple,Device,₹200-500,₹160-400,OTC,OTC Products
2131,BP monitor digital,Blood pressure,Generic,Multiple,Device,₹1500-4000,₹1200-3200,OTC,OTC Products
2132,Pulse oximeter,Oxygen saturation,Generic,Multiple,Device,₹1000-2500,₹800-2000,OTC,OTC Products
2133,Nebulizer machine,Respiratory therapy,Generic,Multiple,Device,₹2000-5000,₹1600-4000,OTC,OTC Products
2134,Steam inhaler,Nasal congestion,Generic,Multiple,Device,₹500-1200,₹400-960,OTC,OTC Products
2135,Hot water bottle,Pain relief,Generic,Multiple,Device,₹100-250,₹80-200,OTC,OTC Products
2136,Ice pack,Cold therapy,Generic,Multiple,Pack,₹50-150,₹40-120,OTC,OTC Products
2137,Heating pad,Heat therapy,Generic,Multiple,Device,₹500-1200,₹400-960,OTC,OTC Products
2138,Compression stockings,Circulation support,Generic,Multiple,Stockings,₹300-800,₹240-640,OTC,OTC Products
2139,Knee cap,Joint support,Generic,Multiple,Support,₹200-500,₹160-400,OTC,OTC Products
2140,Ankle support,Ankle stability,Generic,Multiple,Support,₹150-400,₹120-320,OTC,OTC Products
2141,Wrist support,Wrist protection,Generic,Multiple,Support,₹100-250,₹80-200,OTC,OTC Products
2142,Back support belt,Lower back support,Generic,Multiple,Belt,₹400-1000,₹320-800,OTC,OTC Products
2143,Cervical collar,Neck support,Generic,Multiple,Collar,₹300-800,₹240-640,OTC,OTC Products
2144,Walking stick,Mobility aid,Generic,Multiple,Stick,₹200-500,₹160-400,OTC,OTC Products
2145,Walker,Mobility support,Generic,Multiple,Walker,₹2000-5000,₹1600-4000,OTC,OTC Products
2146,Wheelchair,Mobility aid,Generic,Multiple,Chair,₹8000-20000,₹6400-16000,OTC,OTC Products
2147,Crutches pair,Walking aid,Generic,Multiple,Crutches,₹500-1200,₹400-960,OTC,OTC Products
2148,Reading glasses +1.0,Vision correction,Generic,Multiple,Glasses,₹200-500,₹160-400,OTC,OTC Products
2149,Reading glasses +1.5,Vision correction,Generic,Multiple,Glasses,₹200-500,₹160-400,OTC,OTC Products
2150,Reading glasses +2.0,Vision correction,Generic,Multiple,Glasses,₹200-500,₹160-400,OTC,OTC Products
2151,Reading glasses +2.5,Vision correction,Generic,Multiple,Glasses,₹200-500,₹160-400,OTC,OTC Products
2152,Sunglasses UV protection,Eye protection,Generic,Multiple,Glasses,₹300-800,₹240-640,OTC,OTC Products
2153,Contact lens solution,Lens care,Generic,Multiple,Solution,₹200-500,₹160-400,OTC,OTC Products
2154,Daily disposable lenses,Vision correction,Generic,Multiple,Lenses,₹800-2000,₹640-1600,OTC,OTC Products
2155,Monthly lenses,Vision correction,Generic,Multiple,Lenses,₹500-1200,₹400-960,OTC,OTC Products
2156,Hearing aid batteries,Hearing aid power,Generic,Multiple,Batteries,₹100-250,₹80-200,OTC,OTC Products
2157,Hearing aids,Hearing assistance,Generic,Multiple,Device,₹5000-50000,₹4000-40000,OTC,OTC Products
2158,Denture adhesive,Denture fixation,Generic,Multiple,Cream,₹150-400,₹120-320,OTC,OTC Products
2159,Denture cleanser,Denture cleaning,Generic,Multiple,Tablets,₹100-250,₹80-200,OTC,OTC Products
2160,Mouthwash,Oral hygiene,Generic,Multiple,Liquid,₹100-250,₹80-200,OTC,OTC Products
2161,Listerine mouthwash,Antiseptic mouthwash,Branded,J&J,Liquid,₹150-400,₹120-320,OTC,OTC Products
2162,Oral-B toothpaste,Dental care,Branded,P&G,Paste,₹80-200,₹64-160,OTC,OTC Products
2163,Colgate toothpaste,Dental hygiene,Branded,Colgate,Paste,₹50-150,₹40-120,OTC,OTC Products
2164,Sensodyne toothpaste,Sensitive teeth,Branded,GSK,Paste,₹120-300,₹96-240,OTC,OTC Products
2165,Close-Up toothpaste,Fresh breath,Branded,HUL,Paste,₹60-150,₹48-120,OTC,OTC Products
2166,Pepsodent toothpaste,Complete care,Branded,HUL,Paste,₹40-100,₹32-80,OTC,OTC Products
2167,Tretinoin 0.025% cream,"Acne, Anti-aging",Generic,Multiple,Cream,₹100-250,₹80-200,Prescription,Dermatology
2168,Tretinoin 0.05% cream,Severe acne,Generic,Multiple,Cream,₹150-400,₹120-320,Prescription,Dermatology
2169,Tretinoin 0.1% cream,Advanced anti-aging,Generic,Multiple,Cream,₹200-500,₹160-400,Prescription,Dermatology
2170,Adapalene 0.1% gel,Acne treatment,Generic,Multiple,Gel,₹200-500,₹160-400,Prescription,Dermatology
2171,Differin gel,Acne,Branded,Galderma,Gel,₹400-1000,₹320-800,Prescription,Dermatology
2172,Benzoyl peroxide 2.5% gel,Mild acne,Generic,Multiple,Gel,₹80-200,₹64-160,OTC,Dermatology
2173,Benzoyl peroxide 5% gel,Moderate acne,Generic,Multiple,Gel,₹100-250,₹80-200,OTC,Dermatology
2174,Benzoyl peroxide 10% gel,Severe acne,Generic,Multiple,Gel,₹150-400,₹120-320,Prescription,Dermatology
2175,Clindamycin 1% gel,Acne,Generic,Multiple,Gel,₹100-250,₹80-200,Prescription,Dermatology
2176,Clindamycin phosphate gel,Bacterial acne,Generic,Multiple,Gel,₹120-300,₹96-240,Prescription,Dermatology
2177,Erythromycin 2% gel,Acne vulgaris,Generic,Multiple,Gel,₹80-200,₹64-160,Prescription,Dermatology
2178,Nadifloxacin 1% cream,Acne,Generic,Multiple,Cream,₹150-400,₹120-320,Prescription,Dermatology
2179,Azelaic acid 20% cream,"Acne, Melasma",Generic,Multiple,Cream,₹200-500,₹160-400,Prescription,Dermatology
2180,Salicylic acid 2% gel,Exfoliation,Generic,Multiple,Gel,₹60-150,₹48-120,OTC,Dermatology
2181,Salicylic acid 6% gel,Wart removal,Generic,Multiple,Gel,₹100-250,₹80-200,Prescription,Dermatology
2182,Glycolic acid 12% cream,Chemical peel,Generic,Multiple,Cream,₹200-500,₹160-400,Prescription,Dermatology
2183,Lactic acid 12% cream,Gentle exfoliation,Generic,Multiple,Cream,₹150-400,₹120-320,Prescription,Dermatology
2184,Kojic acid 2% cream,Skin lightening,Generic,Multiple,Cream,₹150-400,₹120-320,OTC,Dermatology
2185,Arbutin cream,Skin brightening,Generic,Multiple,Cream,₹200-500,₹160-400,OTC,Dermatology
2186,Hydroquinone 2% cream,Melasma,Generic,Multiple,Cream,₹100-250,₹80-200,Prescription,Dermatology
2187,Hydroquinone 4% cream,Severe hyperpigmentation,Generic,Multiple,Cream,₹200-500,₹160-400,Prescription,Dermatology
2188,Mometasone 0.1% cream,"Eczema, Psoriasis",Generic,Multiple,Cream,₹80-200,₹64-160,Prescription,Dermatology
2189,Clobetasol 0.05% cream,Severe dermatitis,Generic,Multiple,Cream,₹60-150,₹48-120,Prescription,Dermatology
2190,Betamethasone 0.1% cream,Inflammatory skin,Generic,Multiple,Cream,₹50-120,₹40-96,Prescription,Dermatology
2191,Triamcinolone 0.1% cream,Allergic dermatitis,Generic,Multiple,Cream,₹60-150,₹48-120,Prescription,Dermatology
2192,Fluticasone cream,Atopic dermatitis,Generic,Multiple,Cream,₹100-250,₹80-200,Prescription,Dermatology
2193,Tacrolimus 0.03% ointment,Atopic dermatitis,Generic,Multiple,Ointment,₹300-800,₹240-640,Prescription,Dermatology
2194,Tacrolimus 0.1% ointment,Severe eczema,Generic,Multiple,Ointment,₹500-1200,₹400-960,Prescription,Dermatology
2195,Pimecrolimus 1% cream,Mild to moderate eczema,Generic,Multiple,Cream,₹400-1000,₹320-800,Prescription,Dermatology
2196,Calcipotriol 0.005% ointment,Psoriasis,Generic,Multiple,Ointment,₹300-800,₹240-640,Prescription,Dermatology
2197,Calcitriol ointment,Psoriasis,Generic,Multiple,Ointment,₹400-1000,₹320-800,Prescription,Dermatology
2198,Coal tar 5% ointment,Psoriasis,Generic,Multiple,Ointment,₹80-200,₹64-160,Prescription,Dermatology
2199,Coal tar shampoo,Scalp psoriasis,Generic,Multiple,Shampoo,₹150-400,₹120-320,OTC,Dermatology
2200,Anthralin 1% cream,Psoriasis,Generic,Multiple,Cream,₹200-500,₹160-400,Prescription,Dermatology
2201,Tazarotene 0.05% gel,Psoriasis,Generic,Multiple,Gel,₹500-1200,₹400-960,Prescription,Dermatology
2202,Ketoconazole 2% cream,Fungal infections,Generic,Multiple,Cream,₹60-150,₹48-120,Prescription,Dermatology
2203,Ketoconazole 1% shampoo,Dandruff,Generic,Multiple,Shampoo,₹100-250,₹80-200,OTC,Dermatology
2204,Fluconazole 150mg,Fungal skin infections,Generic,Multiple,Tablet,₹50-150,₹40-120,Prescription,Dermatology
2205,Terbinafine 1% cream,Athlete's foot,Generic,Multiple,Cream,₹80-200,₹64-160,Prescription,Dermatology
2206,Terbinafine 250mg,Systemic fungal,Generic,Multiple,Tablet,₹100-250,₹80-200,Prescription,Dermatology
2207,Itraconazole 100mg,Onychomycosis,Generic,Multiple,Capsule,₹150-400,₹120-320,Prescription,Dermatology
2208,Ciclopirox 8% nail lacquer,Nail fungus,Generic,Multiple,Lacquer,₹800-2000,₹640-1600,Prescription,Dermatology
2209,Nystatin cream,Candida infections,Generic,Multiple,Cream,₹50-120,₹40-96,Prescription,Dermatology
2210,Miconazole 2% cream,Fungal skin infections,Generic,Multiple,Cream,₹60-150,₹48-120,OTC,Dermatology
2211,Clotrimazole 1% cream,"Candida, Ringworm",Generic,Multiple,Cream,₹40-100,₹32-80,OTC,Dermatology
2212,Econazole cream,Fungal dermatitis,Generic,Multiple,Cream,₹80-200,₹64-160,Prescription,Dermatology
2213,Selenium sulfide 2.5% lotion,"Dandruff, Seborrhea",Generic,Multiple,Lotion,₹100-250,₹80-200,Prescription,Dermatology
2214,Pyrithione zinc shampoo,Dandruff,Generic,Multiple,Shampoo,₹120-300,₹96-240,OTC,Dermatology
2215,Ciclopirox shampoo,Seborrheic dermatitis,Generic,Multiple,Shampoo,₹200-500,₹160-400,Prescription,Dermatology
2216,Acyclovir 5% cream,Herpes simplex,Generic,Multiple,Cream,₹100-250,₹80-200,Prescription,Dermatology
2217,Penciclovir 1% cream,Cold sores,Generic,Multiple,Cream,₹300-800,₹240-640,Prescription,Dermatology
2218,Imiquimod 5% cream,"Warts, Actinic keratosis",Generic,Multiple,Cream,₹1000-2500,₹800-2000,Prescription,Dermatology
2219,Podophyllotoxin solution,Genital warts,Generic,Multiple,Solution,₹500-1200,₹400-960,Prescription,Dermatology
2220,Cryotherapy spray,Wart removal,Generic,Multiple,Spray,₹800-2000,₹640-1600,OTC,Dermatology
2221,Minoxidil 2% solution,Female hair loss,Generic,Multiple,Solution,₹300-800,₹240-640,OTC,Dermatology
2222,Minoxidil 5% solution,Male pattern baldness,Generic,Multiple,Solution,₹400-1000,₹320-800,OTC,Dermatology
2223,Minoxidil 10% solution,Severe hair loss,Generic,Multiple,Solution,₹600-1500,₹480-1200,OTC,Dermatology
2224,Finasteride 1mg,Male pattern baldness,Generic,Multiple,Tablet,₹100-250,₹80-200,Prescription,Dermatology
2225,Dutasteride 0.5mg,Advanced hair loss,Generic,Multiple,Capsule,₹200-500,₹160-400,Prescription,Dermatology
2226,Hair growth serum,Hair regrowth,Generic,Multiple,Serum,₹500-1200,₹400-960,OTC,Dermatology
2227,Biotin 5000mcg,"Hair, skin, nails",Generic,Multiple,Tablet,₹200-500,₹160-400,OTC,Dermatology
2228,Biotin 10000mcg,High-dose hair support,Generic,Multiple,Tablet,₹300-800,₹240-640,OTC,Dermatology
2229,Collagen peptides,Skin elasticity,Generic,Multiple,Powder,₹800-2000,₹640-1600,OTC,Dermatology
2230,Hyaluronic acid serum,Skin hydration,Generic,Multiple,Serum,₹500-1200,₹400-960,OTC,Dermatology
2231,Vitamin C serum,Antioxidant,Generic,Multiple,Serum,₹400-1000,₹320-800,OTC,Dermatology
2232,Retinol serum 0.5%,Anti-aging,Generic,Multiple,Serum,₹600-1500,₹480-1200,OTC,Dermatology
2233,Retinol serum 1%,Advanced anti-aging,Generic,Multiple,Serum,₹800-2000,₹640-1600,OTC,Dermatology
2234,Niacinamide 10% serum,Pore minimizer,Generic,Multiple,Serum,₹300-800,₹240-640,OTC,Dermatology
2235,Alpha arbutin serum,Dark spot corrector,Generic,Multiple,Serum,₹400-1000,₹320-800,OTC,Dermatology
2236,Peptide complex serum,Wrinkle reduction,Generic,Multiple,Serum,₹800-2000,₹640-1600,OTC,Dermatology
2237,Ceramide moisturizer,Barrier repair,Generic,Multiple,Moisturizer,₹300-800,₹240-640,OTC,Dermatology
2238,Hyaluronic moisturizer,Deep hydration,Generic,Multiple,Moisturizer,₹400-1000,₹320-800,OTC,Dermatology
2239,Anti-aging night cream,Overnight repair,Generic,Multiple,Cream,₹500-1200,₹400-960,OTC,Dermatology
2240,Sunscreen SPF 30,UV protection,Generic,Multiple,Lotion,₹200-500,₹160-400,OTC,Dermatology
2241,Sunscreen SPF 50,High UV protection,Generic,Multiple,Lotion,₹300-800,₹240-640,OTC,Dermatology
2242,Zinc oxide sunscreen,Physical sunscreen,Generic,Multiple,Cream,₹250-600,₹200-480,OTC,Dermatology
2243,Tinted sunscreen,Makeup + protection,Generic,Multiple,Cream,₹400-1000,₹320-800,OTC,Dermatology
2244,Chemical peel solution,Professional peel,Generic,Multiple,Solution,₹1000-2500,₹800-2000,Prescription,Dermatology
2245,Microdermabrasion cream,Exfoliation,Generic,Multiple,Cream,₹300-800,₹240-640,OTC,Dermatology
2246,Vitamin E oil,Skin nourishment,Generic,Multiple,Oil,₹100-250,₹80-200,OTC,Dermatology
2247,Rosehip seed oil,Scar treatment,Generic,Multiple,Oil,₹300-800,₹240-640,OTC,Dermatology
2248,Jojoba oil,Natural moisturizer,Generic,Multiple,Oil,₹200-500,₹160-400,OTC,Dermatology
2249,Argan oil,Hair and skin,Generic,Multiple,Oil,₹400-1000,₹320-800,OTC,Dermatology
2250,Tea tree oil,Antiseptic,Generic,Multiple,Oil,₹150-400,₹120-320,OTC,Dermatology
2251,Aloe vera gel,Soothing gel,Generic,Multiple,Gel,₹100-250,₹80-200,OTC,Dermatology
2252,Cucumber extract gel,Cooling gel,Generic,Multiple,Gel,₹120-300,₹96-240,OTC,Dermatology
2253,Witch hazel toner,Astringent,Generic,Multiple,Toner,₹200-500,₹160-400,OTC,Dermatology
2254,Rose water toner,Gentle toner,Generic,Multiple,Toner,₹100-250,₹80-200,OTC,Dermatology
2255,Glycolic acid toner,Exfoliating toner,Generic,Multiple,Toner,₹300-800,₹240-640,OTC,Dermatology
2256,BHA/Salicylic toner,Pore cleansing,Generic,Multiple,Toner,₹250-600,₹200-480,OTC,Dermatology
2257,AHA fruit acid toner,Brightening toner,Generic,Multiple,Toner,₹300-800,₹240-640,OTC,Dermatology
2258,Micellar water,Makeup remover,Generic,Multiple,Water,₹200-500,₹160-400,OTC,Dermatology
2259,Cleansing oil,Deep cleansing,Generic,Multiple,Oil,₹300-800,₹240-640,OTC,Dermatology
2260,Foam cleanser,Daily cleansing,Generic,Multiple,Foam,₹150-400,₹120-320,OTC,Dermatology
2261,Gel cleanser,Oily skin cleanser,Generic,Multiple,Gel,₹200-500,₹160-400,OTC,Dermatology
2262,Cream cleanser,Dry skin cleanser,Generic,Multiple,Cream,₹180-450,₹144-360,OTC,Dermatology
2263,Exfoliating scrub,Physical exfoliation,Generic,Multiple,Scrub,₹150-400,₹120-320,OTC,Dermatology
2264,Charcoal face mask,Pore cleansing,Generic,Multiple,Mask,₹100-250,₹80-200,OTC,Dermatology
2265,Clay face mask,Oil control,Generic,Multiple,Mask,₹120-300,₹96-240,OTC,Dermatology
2266,Hydrogel face mask,Intensive hydration,Generic,Multiple,Mask,₹50-150,₹40-120,OTC,Dermatology
2267,Collagen face mask,Anti-aging,Generic,Multiple,Mask,₹80-200,₹64-160,OTC,Dermatology
2268,Gold face mask,Luxury treatment,Generic,Multiple,Mask,₹200-500,₹160-400,OTC,Dermatology
2269,Under-eye patches,Dark circles,Generic,Multiple,Patches,₹100-250,₹80-200,OTC,Dermatology
2270,Eye cream,Eye area care,Generic,Multiple,Cream,₹300-800,₹240-640,OTC,Dermatology
2271,Anti-wrinkle eye cream,Crow's feet,Generic,Multiple,Cream,₹500-1200,₹400-960,OTC,Dermatology
2272,Dark circle corrector,Under-eye treatment,Generic,Multiple,Corrector,₹250-600,₹200-480,OTC,Dermatology
2273,Lip balm SPF 15,Lip protection,Generic,Multiple,Balm,₹50-150,₹40-120,OTC,Dermatology
2274,Lip balm medicated,Chapped lips,Generic,Multiple,Balm,₹40-100,₹32-80,OTC,Dermatology
2275,Lip scrub,Lip exfoliation,Generic,Multiple,Scrub,₹100-250,₹80-200,OTC,Dermatology
2276,Hand cream,Hand moisturizer,Generic,Multiple,Cream,₹80-200,₹64-160,OTC,Dermatology
2277,Foot cream,Foot care,Generic,Multiple,Cream,₹100-250,₹80-200,OTC,Dermatology
2278,Body lotion,Body moisturizer,Generic,Multiple,Lotion,₹150-400,₹120-320,OTC,Dermatology
2279,Body butter,Intensive moisturizer,Generic,Multiple,Butter,₹200-500,₹160-400,OTC,Dermatology
2280,Body oil,Nourishing oil,Generic,Multiple,Oil,₹250-600,₹200-480,OTC,Dermatology
2281,Stretch mark cream,Pregnancy care,Generic,Multiple,Cream,₹300-800,₹240-640,OTC,Dermatology
2282,Cellulite cream,Body contouring,Generic,Multiple,Cream,₹400-1000,₹320-800,OTC,Dermatology
2283,Anti-perspirant,Sweat control,Generic,Multiple,Roll-on,₹100-250,₹80-200,OTC,Dermatology
2284,Deodorant spray,Odor control,Generic,Multiple,Spray,₹150-400,₹120-320,OTC,Dermatology
2285,Intimate wash,Feminine hygiene,Generic,Multiple,Wash,₹150-400,₹120-320,OTC,Dermatology
2286,Baby lotion,Infant skin care,Generic,Multiple,Lotion,₹100-250,₹80-200,OTC,Dermatology
2287,Baby oil,Baby massage,Generic,Multiple,Oil,₹80-200,₹64-160,OTC,Dermatology
2288,Diaper rash cream,Diaper dermatitis,Generic,Multiple,Cream,₹100-250,₹80-200,OTC,Dermatology
2289,Baby powder,Moisture absorption,Generic,Multiple,Powder,₹50-150,₹40-120,OTC,Dermatology
2290,Johnson's baby products,Complete baby care,Branded,J&J,Various,₹80-300,₹64-240,OTC,Dermatology
2291,Himalaya baby care,Natural baby care,Branded,Himalaya,Various,₹60-200,₹48-160,OTC,Dermatology
2292,Sebamed baby care,pH 5.5 baby care,Branded,Sebamed,Various,₹150-500,₹120-400,OTC,Dermatology
2293,Cetaphil gentle cleanser,Sensitive skin,Branded,Galderma,Cleanser,₹300-800,₹240-640,OTC,Dermatology
2294,Cetaphil moisturizer,Daily moisturizer,Branded,Galderma,Moisturizer,₹400-1000,₹320-800,OTC,Dermatology
2295,Neutrogena products,Clinical skincare,Branded,J&J,Various,₹200-800,₹160-640,OTC,Dermatology
2296,Olay regenerist,Anti-aging,Branded,P&G,Cream,₹800-2000,₹640-1600,OTC,Dermatology
2297,L'Oreal revitalift,Anti-aging,Branded,L'Oreal,Cream,₹600-1500,₹480-1200,OTC,Dermatology
2298,Lakme products,Color cosmetics,Branded,Lakme,Various,₹200-1000,₹160-800,OTC,Dermatology
2299,Maybelline makeup,Cosmetics,Branded,Maybelline,Various,₹300-1500,₹240-1200,OTC,Dermatology
2300,MAC cosmetics,Professional makeup,Branded,MAC,Various,₹1000-5000,₹800-4000,OTC,Dermatology
2301,Revlon products,Color cosmetics,Branded,Revlon,Various,₹400-2000,₹320-1600,OTC,Dermatology
2302,VLCC products,Beauty treatments,Branded,VLCC,Various,₹200-1000,₹160-800,OTC,Dermatology
2303,Biotique products,Ayurvedic beauty,Branded,Biotique,Various,₹150-800,₹120-640,OTC,Dermatology
2304,Lotus Herbals,Herbal cosmetics,Branded,Lotus,Various,₹200-1000,₹160-800,OTC,Dermatology
2305,Himalaya cosmetics,Natural beauty,Branded,Himalaya,Various,₹100-500,₹80-400,OTC,Dermatology
2306,Creatine monohydrate,Athletic performance,Generic,Multiple,Powder,₹600-1500,₹480-1200,OTC,Sports Medicine
2307,Creatine HCL,Enhanced absorption,Generic,Multiple,Powder,₹800-2000,₹640-1600,OTC,Sports Medicine
2308,Whey protein isolate,Muscle building,Generic,Multiple,Powder,₹1500-4000,₹1200-3200,OTC,Sports Medicine
2309,Whey protein concentrate,Basic protein,Generic,Multiple,Powder,₹1000-2500,₹800-2000,OTC,Sports Medicine
2310,Casein protein,Slow-release protein,Generic,Multiple,Powder,₹1200-3000,₹960-2400,OTC,Sports Medicine
2311,Egg protein powder,Complete protein,Generic,Multiple,Powder,₹1500-4000,₹1200-3200,OTC,Sports Medicine
2312,Plant protein blend,Vegan protein,Generic,Multiple,Powder,₹1000-2500,₹800-2000,OTC,Sports Medicine
2313,Pea protein isolate,Plant-based,Generic,Multiple,Powder,₹800-2000,₹640-1600,OTC,Sports Medicine
2314,Hemp protein powder,Natural protein,Generic,Multiple,Powder,₹1200-3000,₹960-2400,OTC,Sports Medicine
2315,BCAA 2:1:1,Muscle recovery,Generic,Multiple,Powder,₹800-2000,₹640-1600,OTC,Sports Medicine
2316,BCAA 4:1:1,Enhanced leucine,Generic,Multiple,Powder,₹1000-2500,₹800-2000,OTC,Sports Medicine
2317,BCAA capsules,Convenient BCAAs,Generic,Multiple,Capsule,₹600-1500,₹480-1200,OTC,Sports Medicine
2318,EAA (Essential Amino),Complete amino profile,Generic,Multiple,Powder,₹1200-3000,₹960-2400,OTC,Sports Medicine
2319,L-Glutamine powder,Muscle recovery,Generic,Multiple,Powder,₹500-1200,₹400-960,OTC,Sports Medicine
2320,L-Glutamine capsules,Recovery support,Generic,Multiple,Capsule,₹400-1000,₹320-800,OTC,Sports Medicine
2321,L-Arginine 1000mg,Nitric oxide booster,Generic,Multiple,Capsule,₹300-800,₹240-640,OTC,Sports Medicine
2322,L-Citrulline malate,Pump enhancement,Generic,Multiple,Powder,₹800-2000,₹640-1600,OTC,Sports Medicine
2323,Beta-Alanine,Muscular endurance,Generic,Multiple,Powder,₹600-1500,₹480-1200,OTC,Sports Medicine
2324,Taurine 1000mg,Energy support,Generic,Multiple,Capsule,₹300-800,₹240-640,OTC,Sports Medicine
2325,HMB (β-Hydroxy),Anti-catabolic,Generic,Multiple,Capsule,₹1000-2500,₹800-2000,OTC,Sports Medicine
2326,"ZMA (Zinc, Magnesium)",Recovery support,Generic,Multiple,Capsule,₹600-1500,₹480-1200,OTC,Sports Medicine
2327,Pre-workout formula,Energy & pump,Generic,Multiple,Powder,₹1000-2500,₹800-2000,OTC,Sports Medicine
2328,Nitric oxide booster,Pump enhancement,Generic,Multiple,Capsule,₹800-2000,₹640-1600,OTC,Sports Medicine
2329,Post-workout recovery,Recovery formula,Generic,Multiple,Powder,₹800-2000,₹640-1600,OTC,Sports Medicine
2330,Mass gainer,Weight gain,Generic,Multiple,Powder,₹1500-4000,₹1200-3200,OTC,Sports Medicine
2331,Weight gainer complex,High-calorie formula,Generic,Multiple,Powder,₹2000-5000,₹1600-4000,OTC,Sports Medicine
2332,Fat burner capsules,Weight loss,Generic,Multiple,Capsule,₹800-2000,₹640-1600,OTC,Sports Medicine
2333,CLA (Conjugated Linoleic),Fat loss support,Generic,Multiple,Capsule,₹600-1500,₹480-1200,OTC,Sports Medicine
2334,Green coffee extract,Metabolism booster,Generic,Multiple,Capsule,₹500-1200,₹400-960,OTC,Sports Medicine
2335,Garcinia cambogia,Appetite suppressant,Generic,Multiple,Capsule,₹400-1000,₹320-800,OTC,Sports Medicine
2336,L-Carnitine liquid,Fat oxidation,Generic,Multiple,Liquid,₹600-1500,₹480-1200,OTC,Sports Medicine
2337,L-Carnitine capsules,Fat burning,Generic,Multiple,Capsule,₹500-1200,₹400-960,OTC,Sports Medicine
2338,Caffeine anhydrous,Energy booster,Generic,Multiple,Capsule,₹300-800,₹240-640,OTC,Sports Medicine
2339,Green tea extract,Antioxidant,Generic,Multiple,Capsule,₹400-1000,₹320-800,OTC,Sports Medicine
2340,Electrolyte powder,Hydration,Generic,Multiple,Powder,₹300-800,₹240-640,OTC,Sports Medicine
2341,Sports drink mix,Energy & hydration,Generic,Multiple,Powder,₹200-500,₹160-400,OTC,Sports Medicine
2342,Isotonic drink,Quick hydration,Generic,Multiple,Liquid,₹50-150,₹40-120,OTC,Sports Medicine
2343,Energy drink,Instant energy,Generic,Multiple,Liquid,₹100-250,₹80-200,OTC,Sports Medicine
2344,Energy bars,Convenient nutrition,Generic,Multiple,Bar,₹50-150,₹40-120,OTC,Sports Medicine
2345,Protein bars,Protein snack,Generic,Multiple,Bar,₹80-200,₹64-160,OTC,Sports Medicine
2346,Multivitamin for athletes,Athletic nutrition,Generic,Multiple,Tablet,₹300-800,₹240-640,OTC,Sports Medicine
2347,Vitamin B-complex,Energy metabolism,Generic,Multiple,Tablet,₹100-250,₹80-200,OTC,Sports Medicine
2348,Vitamin D3 for athletes,Bone health,Generic,Multiple,Capsule,₹200-500,₹160-400,OTC,Sports Medicine
2349,Calcium for athletes,Bone strength,Generic,Multiple,Tablet,₹150-400,₹120-320,OTC,Sports Medicine
2350,Magnesium glycinate,Muscle function,Generic,Multiple,Capsule,₹300-800,₹240-640,OTC,Sports Medicine
2351,Zinc for recovery,Immune support,Generic,Multiple,Tablet,₹100-250,₹80-200,OTC,Sports Medicine
2352,Iron for endurance,Oxygen transport,Generic,Multiple,Tablet,₹150-400,₹120-320,OTC,Sports Medicine
2353,Omega-3 for athletes,Anti-inflammatory,Generic,Multiple,Capsule,₹400-1000,₹320-800,OTC,Sports Medicine
2354,Fish oil capsules,Joint health,Generic,Multiple,Capsule,₹300-800,₹240-640,OTC,Sports Medicine
2355,Turmeric curcumin,Natural anti-inflammatory,Generic,Multiple,Capsule,₹300-800,₹240-640,OTC,Sports Medicine
2356,Glucosamine for joints,Joint support,Generic,Multiple,Capsule,₹500-1200,₹400-960,OTC,Sports Medicine
2357,MSM for joints,Joint health,Generic,Multiple,Capsule,₹400-1000,₹320-800,OTC,Sports Medicine
2358,Collagen peptides,Joint & skin health,Generic,Multiple,Powder,₹800-2000,₹640-1600,OTC,Sports Medicine
2359,Ashwagandha for athletes,Stress adaptation,Generic,Multiple,Capsule,₹300-800,₹240-640,OTC,Sports Medicine
2360,Rhodiola rosea,Endurance support,Generic,Multiple,Capsule,₹500-1200,₹400-960,OTC,Sports Medicine
2361,Cordyceps mushroom,Stamina enhancement,Generic,Multiple,Capsule,₹800-2000,₹640-1600,OTC,Sports Medicine
2362,Beetroot extract,Nitric oxide support,Generic,Multiple,Capsule,₹400-1000,₹320-800,OTC,Sports Medicine
2363,Testosterone booster,Natural T-support,Generic,Multiple,Capsule,₹800-2000,₹640-1600,OTC,Sports Medicine
2364,Tribulus terrestris,Performance support,Generic,Multiple,Capsule,₹300-800,₹240-640,OTC,Sports Medicine
2365,D-Aspartic acid,Natural testosterone,Generic,Multiple,Powder,₹600-1500,₹480-1200,OTC,Sports Medicine
2366,Fenugreek extract,Hormone support,Generic,Multiple,Capsule,₹300-800,₹240-640,OTC,Sports Medicine
2367,Sleep support formula,Recovery sleep,Generic,Multiple,Capsule,₹500-1200,₹400-960,OTC,Sports Medicine
2368,Melatonin 3mg,Sleep aid,Generic,Multiple,Tablet,₹200-500,₹160-400,OTC,Sports Medicine
2369,Magnesium for sleep,Relaxation,Generic,Multiple,Capsule,₹200-500,₹160-400,OTC,Sports Medicine
2370,GABA supplement,Relaxation,Generic,Multiple,Capsule,₹400-1000,₹320-800,OTC,Sports Medicine
2371,Valerian root,Natural sleep aid,Generic,Multiple,Capsule,₹200-500,₹160-400,OTC,Sports Medicine
2372,Sports massage oil,Muscle recovery,Generic,Multiple,Oil,₹200-500,₹160-400,OTC,Sports Medicine
2373,Cooling gel,Post-workout relief,Generic,Multiple,Gel,₹150-400,₹120-320,OTC,Sports Medicine
2374,Muscle rub cream,Soreness relief,Generic,Multiple,Cream,₹100-250,₹80-200,OTC,Sports Medicine
2375,Topical analgesic,Pain relief,Generic,Multiple,Gel,₹150-400,₹120-320,OTC,Sports Medicine
2376,Kinesiology tape,Muscle support,Generic,Multiple,Tape,₹200-500,₹160-400,OTC,Sports Medicine
2377,Elastic bandage,Compression support,Generic,Multiple,Bandage,₹100-250,₹80-200,OTC,Sports Medicine
2378,Ankle brace,Ankle support,Generic,Multiple,Brace,₹300-800,₹240-640,OTC,Sports Medicine
2379,Knee support,Knee stabilizer,Generic,Multiple,Support,₹400-1000,₹320-800,OTC,Sports Medicine
2380,Wrist support,Wrist protection,Generic,Multiple,Support,₹150-400,₹120-320,OTC,Sports Medicine
2381,Elbow support,Tennis elbow,Generic,Multiple,Support,₹200-500,₹160-400,OTC,Sports Medicine
2382,Compression sleeve,Muscle compression,Generic,Multiple,Sleeve,₹250-600,₹200-480,OTC,Sports Medicine
2383,Ice pack reusable,Cold therapy,Generic,Multiple,Pack,₹100-250,₹80-200,OTC,Sports Medicine
2384,Heat pack,Heat therapy,Generic,Multiple,Pack,₹80-200,₹64-160,OTC,Sports Medicine
2385,Foam roller,Muscle release,Generic,Multiple,Roller,₹800-2000,₹640-1600,OTC,Sports Medicine
2386,Massage ball,Trigger point therapy,Generic,Multiple,Ball,₹200-500,₹160-400,OTC,Sports Medicine
2387,Resistance bands,Strength training,Generic,Multiple,Bands,₹300-800,₹240-640,OTC,Sports Medicine
2388,Protein shaker,Mixing bottle,Generic,Multiple,Bottle,₹150-400,₹120-320,OTC,Sports Medicine
2389,Pill organizer,Supplement organization,Generic,Multiple,Organizer,₹100-250,₹80-200,OTC,Sports Medicine
2390,Heart rate monitor,Training monitoring,Generic,Multiple,Monitor,₹2000-5000,₹1600-4000,OTC,Sports Medicine
2391,Fitness tracker,Activity monitoring,Generic,Multiple,Tracker,₹3000-8000,₹2400-6400,OTC,Sports Medicine
2392,Body fat scale,Composition analysis,Generic,Multiple,Scale,₹2000-5000,₹1600-4000,OTC,Sports Medicine
2393,Blood pressure monitor,Health monitoring,Generic,Multiple,Monitor,₹1500-4000,₹1200-3200,OTC,Sports Medicine
2394,Glucose monitor,Blood sugar,Generic,Multiple,Monitor,₹1000-2500,₹800-2000,OTC,Sports Medicine
2395,Athletic tape,Injury prevention,Generic,Multiple,Tape,₹100-250,₹80-200,OTC,Sports Medicine
2396,Pre-wrap,Under-taping,Generic,Multiple,Wrap,₹80-200,₹64-160,OTC,Sports Medicine
2397,First aid kit,Emergency care,Generic,Multiple,Kit,₹500-1200,₹400-960,OTC,Sports Medicine
2398,Instant cold pack,Acute injury,Generic,Multiple,Pack,₹50-150,₹40-120,OTC,Sports Medicine
2399,Antiseptic wipes,Wound cleaning,Generic,Multiple,Wipes,₹50-150,₹40-120,OTC,Sports Medicine
2400,Adhesive bandages,Minor cuts,Generic,Multiple,Bandages,₹30-80,₹24-64,OTC,Sports Medicine
2401,Gauze pads,Wound dressing,Generic,Multiple,Pads,₹40-100,₹32-80,OTC,Sports Medicine
2402,Medical tape,Securing dressings,Generic,Multiple,Tape,₹30-80,₹24-64,OTC,Sports Medicine
2403,Thermometer,Temperature check,Generic,Multiple,Thermometer,₹200-500,₹160-400,OTC,Sports Medicine
2404,Water bottles,Hydration,Generic,Multiple,Bottle,₹200-500,₹160-400,OTC,Sports Medicine
2405,Gym bag,Equipment storage,Generic,Multiple,Bag,₹500-1500,₹400-1200,OTC,Sports Medicine
2406,Yoga mat,Exercise surface,Generic,Multiple,Mat,₹800-2000,₹640-1600,OTC,Sports Medicine
2407,Exercise bands set,Resistance training,Generic,Multiple,Set,₹500-1200,₹400-960,OTC,Sports Medicine
2408,Dumbbells adjustable,Strength training,Generic,Multiple,Equipment,₹2000-8000,₹1600-6400,OTC,Sports Medicine
2409,Protein measurement scoop,Accurate dosing,Generic,Multiple,Scoop,₹50-150,₹40-120,OTC,Sports Medicine
2410,Supplement storage,Ingredient storage,Generic,Multiple,Container,₹100-250,₹80-200,OTC,Sports Medicine
2411,Training log book,Progress tracking,Generic,Multiple,Book,₹100-250,₹80-200,OTC,Sports Medicine
2412,Workout timer,Training timing,Generic,Multiple,Timer,₹300-800,₹240-640,OTC,Sports Medicine
2413,Jump rope,Cardio exercise,Generic,Multiple,Rope,₹200-500,₹160-400,OTC,Sports Medicine
2414,Agility ladder,Speed training,Generic,Multiple,Ladder,₹500-1200,₹400-960,OTC,Sports Medicine
2415,Cones training,Agility markers,Generic,Multiple,Cones,₹300-800,₹240-640,OTC,Sports Medicine
2416,Speed parachute,Sprint training,Generic,Multiple,Parachute,₹800-2000,₹640-1600,OTC,Sports Medicine
2417,Weight lifting belt,Back support,Generic,Multiple,Belt,₹800-2000,₹640-1600,OTC,Sports Medicine
2418,Lifting straps,Grip support,Generic,Multiple,Straps,₹200-500,₹160-400,OTC,Sports Medicine
2419,Wrist wraps,Wrist support,Generic,Multiple,Wraps,₹200-500,₹160-400,OTC,Sports Medicine
2420,Knee wraps,Knee support,Generic,Multiple,Wraps,₹300-800,₹240-640,OTC,Sports Medicine
